,"系統編號","主要題名","期刊刊名","其他題名","卷號","期號","總號","出版年(西元)","出刊日期(日治)","出版單位","出版地","索書號","專欄名稱","主題","語文","作品類型","資料格式","原件大小","起迄頁碼","期刊總頁數","發行者","檔案格式","補充說明","附註","摘要","館內開放日期","館外開放日期"
"1","jpli2007-pd-sxt_0705_28_n003-018_no16_j","雜錄[篇]","臺灣警察協會雜誌","n003","1917-08-20","大正6年8月20日","臺灣警察協會","臺北","0705-28","雜錄","日文","書目資料","期刊-雜誌","22公分","第71-83頁","106","山口德治","pdf","以下為雜錄篇各篇名
1.武德會總裁宮推戴
2.鹵簿撮影に關する注意方
3.戰時中醫藥品輸出取締規則中改正
4.樹●林招魂祭
5.戶籍調查機關
6.活動寫真取締方針（警視廳に於ける）
7.兇蕃鎮壓と投誠歸順
8.埋石の誓を立て
9.搜索諸隊解隊式－歡迎會と慰勞宴
10.湯地總長の犒辭－宜蘭隊解隊式に臨にて
11.討蕃各隊の凱旋
12.時事一瞥","收錄報導共計9件，分別是大日本武德會總裁伏見宮殿下辭職而推久邇宮殿下接任、6月9日陸軍次官對各陸軍單位發布關於天皇皇后巡行攝影之重要事項、7月25日戰時醫藥品輸出管理規則修正、8月13日樹杞林支廳對殉職之福田巡查等7人舉行招魂祭、指示並統一各廳的調查方法之戶籍調查機關成立、7月1日警視廳發布電影管理規則改正案、6月28日～7月31日搜索隊鎮壓賽夏族等四社原住民之經過、7月31日以降搜索隊之解散儀式及各地舉行之歡迎凱旋儀式，以及各報章雜誌刊載之重要時論一覽表等。","臺灣警察協會雜誌","大正6年8月20日","雜錄","臺灣警察協會","1917-08-20"
"2","jpli2007-pd-sxt_0705_28_n005-011_no09_j","活動寫真に就て","臺灣警察協會雜誌","n005","1917-10-20","大正6年10月20日","臺灣警察協會","臺北","0705-28","研究資料","日文","書目資料","期刊-雜誌","22公分","第38-47頁","71","山口德治","pdf","本文旨在介紹電影對社會和兒童造成之影響及其防治方法，說明日本國內因有關於電影對社會風俗和兒童教育造成不良影響之批評，因此，警視廳乃發佈「活動寫真興行取締規則」，作為改善之道；同時，分別探討電影的娛樂功能、電影對社會風俗之弊害、「映畫辯士」之改善及電影院場內之管理，以及此一取締規則與臺灣電影概況之關係。最後，期許臺灣當局能充分調查和研究電影及其人、事、物，並發佈實施管理規則。","臺灣警察協會雜誌","大正6年10月20日","研究資料","臺灣警察協會","1917-10-20"
"3","jpli2007-pd-sxt_0705_28_n006-003_no01_j","警察教育ノ普及ニ就テ","臺灣警察協會雜誌","n006","1917-11-20","大正6年11月20日","臺灣警察協會","臺北","0705-28","論說","日文","書目資料","期刊-雜誌","22公分","第1-7頁","69","山口德治","pdf","缺第57、58頁","本文旨在說明警察教育的意義及其普及的方法。指出警察教育分為廣義與狹義，狹義的警察教育係指對警察施以專業教育；廣義的警察教育則指向社會大眾普及關於警察的知識，使其對警察具有一般的理解。本文所指的警察教育係指廣義而言。至於警察教育的普及方法可透過報章雜誌及其他印刷品、陳列室及博覽會、警察協會及警察相關團體組織、幻燈會、電影及戲劇等方式，宣導警察及消防思想。","臺灣警察協會雜誌","大正6年11月20日","論說","臺灣警察協會","1917-11-20"
"4","jpli2007-pd-sxt_0705_28_n015-015_no13_j","雜錄[篇]","臺灣警察協會雜誌","n015","1918-08-25","大正7年8月25日","臺灣警察協會","臺北","0705-28","雜錄","日文","書目資料","期刊-雜誌","22公分","第41-45頁","63","山口德治","pdf","以下為雜錄篇各篇名及作者職稱
1.精神病上より見たろ窃盜犯　［醫學博士］吳秀三
2.少年犯罪と活動寫真　［佐世保區裁判所］若林監督判事
3.自署の偽造看破に就て（老刑事談）
4.本島中央山脈橫斷の壯舉","收錄文章計4則，分別為：其一，從精神病學上探討竊盜犯的心裡及行為；其二，闡述少年犯罪的原因及電影對少年心裡的不良影響；其三，討論如何識破偽造簽名的方法；其四，揭載松尾玉里支廳長、梅澤警部、早坂警部補……等共計8人，以及原住民計48人橫越臺灣中央山脈之旅行紀錄，內容敘述該旅程的目的，以及一行人從南投廳集集出發，經八通關、秀姑巒山等地的活動概況。","臺灣警察協會雜誌","大正7年8月25日","雜錄","臺灣警察協會","1918-08-25"
"5","jpli2007-pd-sxt_0705_28_n019-011_no09_j","映畫檢閱談片","臺灣警察協會雜誌","n019","1918-12-25","大正7年12月25日","臺灣警察協會","臺北","0705-28","研究資料","日文","書目資料","期刊-雜誌","22公分","第25-31頁","51","山口德治","pdf","本文旨在論述電影之製作與電影檢查制度之關係，並記述檢閱之實際狀況。指出檢閱官對特種電影不宜進行特別檢閱，宜全然摒除檢閱官之個人之好惡，以進行完全的檢閱。至於檢閱方法，以美國國民檢閱局為例，說明檢閱的作法。最後，以喜劇電影、連續劇為例，介紹檢閱的標準概念。","臺灣警察協會雜誌","大正7年12月25日","研究資料","臺灣警察協會","1918-12-25"
"6","jpli2007-pd-sxt_0705_28_n020-017_no15_j","雜報[篇]","臺灣警察協會雜誌","n020","1919-01-25","大正8年1月25日","臺灣警察協會","臺北","0705-28","雜報","日文","書目資料","期刊-雜誌","22公分","第53-78頁","83","山口德治","pdf","以下為雜報篇各篇名
1.上水會議參列者の蕃人接見
2.臺北廳警務課の非常警戒
3.嘉義廳警務課の非常召急
4.第三期巡察部長練習生入所宣誓式
5.第二期巡察部長練習生修業式及同試驗問題
6.第八十一期巡察練習生修業式
7.新竹廳巡察特別採用
8.花蓮港廳巡察學術試驗施行
9.巡察練習生の發火演習
10.各地消防組初式
11.臺北廳士林支廳忘年涉及會
12.臺南廳警務課員實彈射擊會
13.阿權緱廳警務課員實彈射擊會
14.花蓮港廳警務課員競點射擊會
15.桃園廳成菜硼支廳壯丁團演習
16.新竹廳警務客直轄壯丁團點檢
17.各地に於ける武術納會
18.臺灣總督府警察官及司獄官練習所武術始
19.各地に於ける武術始
20.宜蘭廳警務課員寒稽古
21.桃園廳角板山蕃產物品評會
22.臺北廳警務課英語通譯兼掌者試驗
23.臺北廳警務課の揭示板
24.二大悲劇の活動寫真撮影
25.臺灣警察協會第十六囘講演會
26.松室法學博士講演
27.加路蘭へ送致せる浮浪者
28.會員死亡
29.臺灣文官普通試驗
30.會費領收報告","收錄訊息共計30則，分別為警視總長湯地幸平邀請在臺北召開之全日本上水會議參與者引見原住民、臺北廳蕃務課召集警察實施非常警戒、嘉義廳警務課實施非常召集、臺灣警察官及司獄官練習所舉行第3期巡查部長練習生入所宣誓式、臺灣警察官及司獄官練習所舉行第2期巡查部長練習生修業式及結業考試試題、臺灣警察官及司獄官練習所舉行第81期巡查練習生修業式、新竹廳辦理巡查特別採用、花蓮港廳辦理巡查特別採用及學術考試、臺灣警察官及司獄官練習所舉行射擊演習、全臺各地消防組舉行出初式、臺北廳士林支廳舉行忘年射擊會、臺南廳警務課舉行課員實彈射擊會、阿緱廳警務課舉行課員實彈射擊會、花蓮港廳警務課舉行課員競點射擊會、桃園廳咸菜硼支廳舉行壯丁團演習、新竹廳警務課舉行直轄壯丁團點檢、各地舉行武術納會、臺灣警察官及司獄官練習所舉行武術競賽、各地舉行武術競賽、宜蘭廳警務課舉行課員冬季武術練習、桃園廳角板山舉行蕃產物品評會、臺北廳警務課舉行英語通譯兼掌者考試、臺北廳警務課在轄內派出所建立揭示板、臺灣警察協會放映兩部悲劇電影、臺灣警察協會舉行第16回講演會、松室致法學博士在武德會演武場演講、新竹廳將流浪漢送至加路蘭浮浪者收容所、會員栗山貞治郎等21人死亡、總督府舉行臺灣文官普通試驗，以及大正7年（1918）11及12月分臺灣警察協會全臺各支部會費收訖通報等。","臺灣警察協會雜誌","大正8年1月25日","雜報","臺灣警察協會","1919-01-25"
"7","jpli2007-pd-sxt_0705_28_n020-007_no05_j","映畫檢閱談片（再び）","臺灣警察協會雜誌","n020","1919-01-25","大正8年1月25日","臺灣警察協會","臺北","0705-28","研究資料","日文","書目資料","期刊-雜誌","22公分","第23-30頁","83","山口德治","pdf","本文係接續第19號之文章，旨在介紹電影檢閱的標準，指出檢閱電影時，宜注意電影是否出現殺害、慘酷程度、不合乎常理的事、曲庇救助賞恤犯罪者或牽涉刑事者及正被刑事裁判者、符合國民的習慣和興趣、酒場與賭場、粗俗與戀愛、軍事與外交等畫面。（待續）","臺灣警察協會雜誌","大正8年1月25日","研究資料","臺灣警察協會","1919-01-25"
"8","jpli2007-pd-sxt_0705_28_n021-006_no04_j","映畫檢閱談片（三度）","臺灣警察協會雜誌","n021","1919-02-25","大正8年2月25日","臺灣警察協會","臺北","0705-28","研究資料","日文","書目資料","期刊-雜誌","22公分","第19-26頁","59","山口德治","pdf","本文係接續第20號之文章，旨在概述美國電影的檢閱標準、分類及各種類型的電影播映之概況。指出檢閱標準尚包含政策性質；關於檢閱實況，檢閱官無法以同一注意力檢閱幾十卷幾萬呎的映畫，因此，其須先解決如何增進檢閱效率之問題。接著，敘述美國與日本的電影分類方法，並介紹新派家庭劇、喜劇、歷史劇、宗教劇、社會劇、偵探劇、戰爭劇之性質及播映概況。","臺灣警察協會雜誌","大正8年2月25日","研究資料","臺灣警察協會","1919-02-25"
"9","jpli2007-pd-sxt_0705_28_n026-015_no13_j","雜錄[篇]","臺灣警察協會雜誌","n026","1919-07-25","大正8年7月25日","臺灣警察協會","臺北","0705-28","雜錄","日文","書目資料","期刊-雜誌","22公分","第33-39頁","59","山口德治","pdf","以下為雜錄篇各篇名及作者職稱
1.對勞働組合方針　［內務省警保局長］川村竹治
2.小公學校生徒の消防思想鼓吹　鐘樓生
3.文明警察の理想　XYZ
4.歐米の戰時法律　［司法省參事官］宮城長五郎
5.犯罪搜查用に傳書鳩　三枝光太郎","收錄報導共計五則。其一，揭載川村竹治撰「對勞働組合方針」一文，探討對勞工團體的統治方針。其二，呼籲在小公學校教科中加設火災預防法，並以消防教授隊巡迴各小公學校教學，以及利用電影宣傳作為教授方法。其三，指出警察的理想係成為品德高潔博學明智堅強剛毅勇敢者等計六點，謀求進步提升，以達到文明警察境界；其四，介紹歐美的戰時法律。其五，刊載高知縣因交通不便，該縣警察為了搜查犯罪，乃利用傳書鳩傳布訊息等。","臺灣警察協會雜誌","大正8年7月25日","雜錄","臺灣警察協會","1919-07-25"
"10","jpli2007-pd-sxt_0705_28_n039-016_no14_j","最新科學的搜索－警察犬ロマンス","臺灣警察協會雜誌","n039","1920-08-25","大正9年8月25日","臺灣警察協會","臺北","0705-28","漫錄","日文","書目資料","期刊-雜誌","22公分","第55-58頁","99","岡野才太郎","pdf","記者名不詳","收錄文章一則，旨在介紹歐美警察利用警犬偵察犯罪之新知。指出歐美早已訓練警犬利用其敏銳的嗅覺，找出藏匿的犯人，例如英國倫敦透過電影宣傳警犬追緝犯人，而英國警察利用警犬破案之事例亦頗多。最後，呼籲日本警察宜研究如何訓練和利用警犬的方法。","臺灣警察協會雜誌","大正9年8月25日","漫錄","臺灣警察協會","1920-08-25"
"11","jpli2007-pd-sxt_0705_28_n041-019_no17_j","雜報[篇]","臺灣警察協會雜誌","n041","1920-10-25","大正9年10月25日","臺灣警察協會","臺北","0705-28","雜報","日文","書目資料","期刊-雜誌","22公分","第55-68頁","75","森島庄太郎","pdf","以下為雜報篇各篇名
1.地方長官會議と大木法相
2.全國警察部長會議
3.免囚保護事業講習會
4.國勢調查彙報
5.本島人巡查練習生修業式
6.第九十八期巡查練習生修業式
7.踴躍前進カヨ社燒拂ぶ
8.警察航空機の蕃地爆擊
9.本島警察航空界の犧牲者
10.遠藤警部官歷
11.莊嚴なる故遠藤警部葬儀
12.永久に名を止む空界の勇士
13.勇敢なる陳巡查
14.高雄州衛生宣傳の活動寫真
15.浮浪者の收容所送リ
16.本會編輯主事更迭","收錄訊息共計13則，分別為日本國內司法省召開地方長官會議、內務省召開全日本警察部長會議、司法省監獄協會舉行第8回免囚保護事業、臺灣各地進行國勢調查之實地調查的結束時間及結果彙報、臺灣警察官及司獄官練習所舉行臺灣人巡查練習生修業式、臺灣警察官及司獄官練習所舉行第98期巡查練習生修業式、下山警部補率領警察及カムシャム等族之原住民鎮壓カヨ社、臺灣警察航空班出勤爆擊原住民部落、鎮壓原住民部落之臺灣警察航空班殉職者及其葬儀、永留青史之航空界勇士遠藤市郎之葬儀、勇敢的陳巡查、高雄州衛生課舉辦衛生電影播映會、移送浮浪者至臺東浮浪者收容所臺灣警察協會編輯主事更迭等。","臺灣警察協會雜誌","大正9年10月25日","雜報","臺灣警察協會","1920-10-25"
"12","jpli2007-pd-sxt_0705_28_n043-012_no10_j","雜錄[篇]","臺灣警察協會雜誌","n043","1920-12-25","大正9年12月25日","臺灣警察協會","臺北","0705-28","雜錄","日文","書目資料","期刊-雜誌","22公分","第35-40頁","51","森島庄太郎","pdf","以下為雜錄篇各篇名及作者
1.我が國民性と警察　松井法學博士講演
2.活動寫真に於ける－探偵物の觀方　兔耳子","收錄報導2則。其一，我國民性與警察，係11月18日警察講習所長松井茂在政友會定例茶話會上的演講記錄，旨在闡明日本警察事務的發展和進步、國民性與警察之關係，並強調國民警察之必要。其二，電影上偵探劇觀賞法，旨在討論一般人對電影的誤解、面對電影出現犯罪畫面的態度、電影的感化與教育功用等，指出宜注意對兒童說明偵探劇的苦心與美德；進而強調偵探的效果在於可發揮保護生命財產、維持社會安寧秩序、時常為正義而奮鬥的人心之美。","臺灣警察協會雜誌","大正9年12月25日","雜錄","臺灣警察協會","1920-12-25"
"13","jpli2007-pd-sxt_0705_28_n060-009_no06_j","活動寫真に就いて","臺灣警察協會雜誌","n060","1922-05-25","大正11年5月25日","臺灣警察協會","臺北","0705-28","講演","日文","書目資料","期刊-雜誌","22公分","第40-46頁","126","森島庄太郎","pdf","無版權頁","本文旨在說明電影對社會的不良影響。首先，指出電影具啟發知識之作用，但是亦帶來不良影響和模仿。接著，論述電影與犯罪之間的關係。指出，電影恐怖之處不在於製造犯罪者，而是傷害了善良少年的靈魂。（待續）","臺灣警察協會雜誌","大正11年5月25日","講演","臺灣警察協會","1922-05-25"
"14","jpli2007-pd-sxt_0705_28_n062-010_no06_j","活動寫真に就て（下）","臺灣警察協會雜誌","n062","1922-07-25","大正11年7月25日","臺灣警察協會","臺北","0705-28","講演","日文","書目資料","期刊-雜誌","22公分","第27-33頁","106","森島庄太郎","pdf","無版權頁","本文係接續第61號之文章，是警務局保安課田代彥二於臺灣教育會主辦活動寫真講習會之演講大要。繼前期說明電影對社會的不良影響。主要論述取締少年觀賞活動寫真之內容，針對警視廳、廣島縣、兵庫縣等處取締規則比較和分析，最後提出自己的提案。","臺灣警察協會雜誌","大正11年7月25日","講演","臺灣警察協會","1922-07-25"
"15","jpli2007-pd-sxt_0705_28_n063-008_no04_j","活動寫真の研究（一）","臺灣警察協會雜誌","n063","1922-08-25","大正11年8月25日","臺灣警察協會","臺北","0705-28","講話","日文","書目資料","期刊-雜誌","22公分","第12-19頁","100","森島庄太郎","pdf","無版權頁","本文旨在報告對電影之研究。參考手邊的外國關係文書，除了田代彥二已處理的不良影響和取締少年觀賞之部分，分別就世界上的電影、電影對社會之影響、電影檢查與立法、電影與社會教化、電影出租業、電影國分論之是非、電影公有實例與成績等，並介紹美國、英國、法國、德國、日本等重要國家的電影情況。（待續）","臺灣警察協會雜誌","大正11年8月25日","講話","臺灣警察協會","1922-08-25"
"16","jpli2007-pd-sxt_0705_28_n065-010_no06_j","活動寫真の研究（二）","臺灣警察協會雜誌","n065","1922-10-25","大正11年10月25日","臺灣警察協會","臺北","0705-28","研究","日文","書目資料","期刊-雜誌","22公分","第24-31頁","114","森島庄太郎","pdf","無版權頁","本文係接續第64號之文章，旨在報告電影之研究，論述電影對社會的影響。首先，指出其影響有好有壞，並指出不良讀物和電影對社會的影響極大。其次，介紹德國不良讀物之情形，作為借鏡。最後，介紹德國優良教育文化電影，指出對一般社會和學生有很好的影響。（待續）","臺灣警察協會雜誌","大正11年10月25日","研究","臺灣警察協會","1922-10-25"
"17","jpli2007-pd-sxt_0705_28_n066-014_no10_j","活動寫真の研究（三）","臺灣警察協會雜誌","n066","1922-11-25","大正11年11月25日","臺灣警察協會","臺北","0705-28","研究","日文","書目資料","期刊-雜誌","22公分","第37-42頁","118","森島庄太郎","pdf","無版權頁","本文係接續第65號之文章，旨在報告其對電影之研究，討論電影之檢閱和立法。首先，介紹號稱最自由的美國首先出現電影的立法檢閱，後來由紐約國民改善會發起設立電影檢閱所。之後的國家有丹麥、瑞典。其次，介紹德國的情形，並翻譯列出數條德國新電影法。（待續）","臺灣警察協會雜誌","大正11年11月25日","研究","臺灣警察協會","1922-11-25"
"18","jpli2007-pd-sxt_0705_28_n067-009_no05_j","活動寫真の研究（四）","臺灣警察協會雜誌","n067","1922-12-25","大正11年12月25日","臺灣警察協會","臺北","0705-28","研究","日文","書目資料","期刊-雜誌","22公分","第16-21頁","102","森島庄太郎","pdf","p18、p20原件不清楚","無版權頁","本文係接續第66號之文章，旨在報告對電影之研究，討論電影與社會教化。首先，指出電影的影響比之傳染病更甚。其次，介紹德國對電影影響之批判，指出由幼年者保護聯合會議提出電影改良法，之後又設電影改良會。最後，指出其影響兒童深遠，應善盡改良，利用其優點。（待續）","臺灣警察協會雜誌","大正11年12月25日","研究","臺灣警察協會","1922-12-25"
"19","jpli2007-pd-sxt_0705_28_n071-017_no13_j","通信－歡を盡した大武のㄧ日","臺灣警察協會雜誌","n071","1923-04-25","大正12年4月25日","臺灣警察協會","臺北","0705-28","記事","日文","書目資料","期刊-雜誌","22公分","第86-90頁","106","森島庄太郎","pdf","無版權頁","本文為通信收錄共1則。其一，「在大武盡歡之一日」旨在記述大正12年（1923）1月20日大武支廳管內第一回蕃人園藝品評會及蕃童聯合運動會之記事。首先，介紹品評會內容分為蔬菜、稻穀、豆類、果實、手工藝類等。其次，介紹大武公學校舉辦之運動會。最後，晚間則播放電影。","臺灣警察協會雜誌","大正12年4月25日","記事","臺灣警察協會","1923-04-25"
"20","jpli2007-pd-sxt_0705_28_n085-019_no15_j","通信[篇]","臺灣警察協會雜誌","n085","1923-06-25","大正13年6月25日","臺灣警察協會","臺北","0705-28","記事","日文","書目資料","期刊-雜誌","22公分","第132-138頁","164","森島庄太郎","pdf","以下為通信篇各篇名及作者、服務單位
1.東京通信　［東京］北義信
2.理蕃通信　［警務局理蕃課］三角生","無版權頁","收錄東京通信和理蕃通信計7則，分別為警察講習所講習生入所式、原住民對總務長官巡視之感想、兩名原住民進入研究所研究機織、花蓮港廳原住民之甘蔗收穫成績、欲跟畫面上蕃婦握手的紅頭嶼原住民首次觀看電影、蕃地夏蠶移至蠶箱、高雄州潮州郡下的蕃地煙草收入等。","臺灣警察協會雜誌","大正13年6月25日","記事","臺灣警察協會","1923-06-25"
"21","jpli2007-pd-sxt_0705_28_n098-013_no09_j","蕃界美談光る功績（二）","臺灣警察協會雜誌","n098","1925-08-01","大正14年8月1日","臺灣警察協會","臺北","0705-28","資料","日文","書目資料","期刊-雜誌","22公分","第89-94頁","237","森島庄太郎","pdf","無版權頁","本文接續前文，旨在以ビウガン社巡查真鍋時次郎之妻不畏危險，在溪頭、南澳蕃之間情勢甚為緊張時，仍憑藉其膽識促成電影放映一事，強調警察的妻子在協助原住民開發產業、指導教育原住民婦女和穩定山地情勢上貢獻甚大。","臺灣警察協會雜誌","大正14年8月1日","資料","臺灣警察協會","1925-08-01"
"22","jpli2007-pd-sxt_0705_28_n115-038_no32_j","通信－理蕃通信","臺灣警察協會雜誌","n115","1927-01-01","昭和2年1月1日","臺灣警察協會","臺北","0705-28","記事","日文","書目資料","期刊-雜誌","22公分","第245-248頁","348","森島庄太郎","pdf","以下為通信篇各篇名
1.堂々たるタロコ蕃の集團移住
2.蕃地養蠶の前途洋々
3.蕃地勤務警察官家族慰問
4.鐵條網を撤去す臺中州
5.東勢郡ロ－プゴ－社の平安祭
6.活動寫真に對する蕃人の感想
7.蕃地夏蠶收繭","1.無版權頁
2.本號為""哀悼一月號""","收錄訊息計7則，分別為花蓮港研海支廳太魯閣原住民集團移住、「蕃地」添購乾繭裝置，養蠶成績良好、愛國婦人會臺北支部赴花蓮港、臺東兩廳慰問警察家屬、臺中州撤除東勢郡カラス駐在所至雪山坑之間的鐵絲網、東勢郡ローブゴー社原住民舉行平安祭、新高郡原住民對活動寫真（即電影）的感想、各州廳「蕃地」的蠶繭收穫量統計等。","臺灣警察協會雜誌","昭和2年1月1日","記事","臺灣警察協會","1927-01-01"
"23","jpli2007-pd-sxt_0705_28_n118-029_no23_j","彙報[篇]","臺灣警察協會雜誌","n118","1927-04-01","昭和2年4月1日","臺灣警察協會","臺北","0705-28","記事","日文","書目資料","期刊-雜誌","22公分","第186-205頁","252","森島庄太郎","pdf","p191-194、197-198原件不清楚
以下為彙報篇各篇名
1.警察協會事務打合會
2.理蕃課長事務打合會開催
3.臺北州活動寫真說明者試驗
4.臺北州衛生事務講習終了
5.新竹州下の火災豫防宣傳
6.新竹州第五回警察官武道爭霸戰
7.臺南州原動機講習
8.臺南州壯丁團檢閱
9.臺南州非常召集及野外戰鬪教練概況
10.花蓮港廳警察會議
11.高雄州巡查募集狀況","無版權頁","收錄訊息計11則，分別為警務局召開各州廳警察協會事務討論會、總督府舉辦全臺理蕃課長事務討論會、臺北州舉行第一回電影說明者（辯士）許可考試、衛生事務講習會閉會、新竹州舉辦防火宣傳活動、武德會新竹支部於演武場舉辦第五回警察官武道爭霸戰、臺南州舉辦原動機（動力機）講習會、第四回壯丁團檢閱儀式、召集轄區內員警進行臨時集合及野外戰鬥教練、花蓮港廳召開警察會議、高雄州為施行「教養計畫」而招募乙種巡查之消息及應試概況等。","臺灣警察協會雜誌","昭和2年4月1日","記事","臺灣警察協會","1927-04-01"
"24","jpli2012-pd-sxt_0705_355_n005_006_no01_j-i","二等　思想善導に關する實際的方案","高雄州時報","［過般高雄州に於て募集せしもの參考の為め此に揭ぐ］","n005","1928年","昭和3年","高雄州內務部地方課","高雄州","0705　355","懸賞論文","日文","書目資料","期刊","第1-14頁","86","發行者不詳","pdf","以下為思想善導に關する實際的方案之內容：
1.緒言
2.一、政治家
3.二、學校敎育
4.三、佛敎家
5.四、神宮
6.五、刊行物
7.六、當局者","部分目次標題與內容不符,無版權頁","高雄州時報","昭和3年","懸賞論文","高雄州內務部地方課","1928年"
"25","jpli2007-pd-sxt_0705_28_n127-022_no16_j","禪劔一致の極意－劍聖柳生又右衛門宗矩と無名の劔士寺田五衛門との比較","臺灣警察協會雜誌","n127","1928-01-01","昭和3年1月1日","臺灣警察協會","臺北","0705-28","趣味","日文","書目資料","期刊-雜誌","22公分","第106-112頁","278","森島庄太郎","pdf","無版權頁","本文旨在說明劍道的真諦為禪、劍合一，首先，指出近來民間的劇院或活動電影頗流行劍劇，近藤勇、鞍馬天狗等著名劍士，受到民眾熱烈歡迎；接著，說明大眾文藝乃是從通俗的角度出發，強調劍道者武力高強的一面，然而劍道並非僅有外在形式的武藝；最後，舉出霜田史光「劍聖柳生但馬守」一文，說明劍道的真諦，乃是禪、劍合一的狀態。","臺灣警察協會雜誌","昭和3年1月1日","趣味","臺灣警察協會","1928-01-01"
"26","jpli2007-pd-sxt_0705_28_n140-032_no24_j","練習所だより－概況、教室、見學","臺灣警察協會雜誌","n140","1929-02-01","昭和4年2月1日","臺灣警察協會","臺北","0705-28","學苑","日文","書目資料","期刊-雜誌","22公分","第163-177頁","289","森島庄太郎","pdf","以下為練習所だより各篇名及作者
1.概況
(1)實彈射擊練習
(2)御用納式
(3)火災呼集實施
(4)武術那會
(5)映畫の夕
(6)新年拜賀式
(7)消防出初式見學
(8)始業式と武術始
(9)大兔狩舉行
(10)練習所歌當選發表
2.教室
(1)現職乙種巡查警手に對する乙科練習生採用試驗問題
(2)甲特科練習生採用試驗
3.見學
(1)烏來紀行　［三班四室］宮原元","無版權頁","收錄練習所概況、教室、見學等訊息，其一，練習所概況刊載關於實彈射擊演習、御用納式、實施火災訓練、武術納會、電影之夜、新年拜賀式、參觀消防出初式、始業式和武術訓練開始、舉辦大兔狩、發表練習所歌當選名單等10則：其二，教室刊載關於乙科練習生採用考試的內容、甲科練習生採用考試的內容2則，；其三，見學，刊載烏來紀行之訊息。","臺灣警察協會雜誌","昭和4年2月1日","學苑","臺灣警察協會","1929-02-01"
"27","jpli2007-pd-sxt_0705_28_n141-020_no15_j","英國新聞記者團の觀たる今日の米國[篇]","臺灣警察協會雜誌","n141","1929-03-01","昭和4年3月1日","臺灣警察協會","臺北","0705-28","說苑","日文","書目資料","期刊-雜誌","22公分","第69-75頁","318","森島庄太郎","pdf","倫敦タイムス一月三日及一月十日號所載
以下為此篇各篇名
1.英國記者團の渡來
2.將來を確信する國
3.最近發達した三大事業
4.フイルム工業に就て
5.禁酒問題に就て
6.紐育を清掃せんとする新しき警察政策","無版權頁","本文係翻譯英國泰晤士報刊載的內容，旨在介紹英國記者對美國的看法，首先，指出英國新聞記者受到萬國和平維持財團邀請，到美國參訪，足跡遍佈紐約、波士頓、舊金山等13個城市；接著，指出英國記者參訪的感想，例如：美國人民對將來信心十足、汽車、電影及禁酒為美國最近發達的三大事業等；最後，附有讓紐約市為之一變的警察政策之內容。","臺灣警察協會雜誌","昭和4年3月1日","說苑","臺灣警察協會","1929-03-01"
"28","jpli2007-pd-sxt_0705_28_n141-034_no29_j","學苑－練習所だより[篇]","臺灣警察協會雜誌","n141","1929-03-01","昭和4年3月1日","臺灣警察協會","臺北","0705-28","日文","書目資料","期刊-雜誌","22公分","第196-207頁","318","森島庄太郎","pdf","p198、p206原件不清楚
以下為此篇各篇名及作者職稱
1.概況
 (1)新任教官高橋大尉を迎ふ
 (2)修養講話
 (3)演藝會開催
 (4)改正阿片令講義
 (5)久邇宮邦彥王殿下遙弔式參列
 (6)チフス豫防注射と映畫會
 (7)精神作興に關する講話
 (8)發火演習實施
 (9)紀元節拜賀式
 (10)線習所歌第三選定なる
 (11)刑事警察幹部講習開催
 (12)第二特科班入所
 (13)練習生內地募集
2.教室
 (1)乙科第四班前期試驗問題
 (2)乙科第三班及私獄班後期試驗問題
3.見學
 (1)實務見學所感　［乙科第四班］若尾利計","無版權頁","收錄練習所概況、教室、見學等訊息，分別為：其一，練習所概況，刊載關於歡迎新任教官高橋大尉、修養講話、演藝會、改正阿片令講義、久邇宮邦彥王殿下遙弔式、電影會、精神作興談話、防火演習、紀元節拜賀式、練習所歌選拔、刑事幹部講習會、第二特科班入所、練習生內地募集等13則；其二，教室，刊載關於乙科第四班前期考試題目、乙科第三班及司獄班後期考試題目2則；其三，見學，刊載關於實務見學心得的內容。","臺灣警察協會雜誌","昭和4年3月1日","臺灣警察協會","1929-03-01"
"29","jpli2008-pd-sxt_0705_323_v001n005-014_no10_j","東洋の秘密","演藝とキネマ","v001","n005","1929-12-20","昭和4年12月20日","臺灣演藝娛樂社","台北市西門町三ノ一九","0705-323","日文","書目資料","期刊-雜誌","27公分","第19-20頁","34頁","吉鹿則行","pdf","本文由神戶的高橋商會映畵部提供,為電影介紹","演藝とキネマ","昭和4年12月20日","臺灣演藝娛樂社","1929-12-20"
"30","jpli2008-pd-sxt_0705_323_v001n005-015_no11_j","鐵假面","演藝とキネマ","v001","n005","1929-12-20","昭和4年12月20日","臺灣演藝娛樂社","台北市西門町三ノ一九","0705-323","日文","書目資料","期刊-雜誌","27公分","第20-21頁","34頁","吉鹿則行","pdf","本電影預定由新世界館上映","演藝とキネマ","昭和4年12月20日","臺灣演藝娛樂社","1929-12-20"
"31","jpli2008-pd-sxt_0705_323_v001n005-016_no12_1_j","四枚の羽根(卷九)","演藝とキネマ","v001","n005","1929-12-20","昭和4年12月20日","臺灣演藝娛樂社","台北市西門町三ノ一九","0705-323","日文","書目資料","期刊-雜誌","27公分","第21-22頁","34頁","吉鹿則行","pdf","本電影預定由新世界館上映","演藝とキネマ","昭和4年12月20日","臺灣演藝娛樂社","1929-12-20"
"32","jpli2008-pd-sxt_0705_323_v001n005-017_no13_1_j","南八郎(卷八)","演藝とキネマ","v001","n005","1929-12-20","昭和4年12月20日","臺灣演藝娛樂社","台北市西門町三ノ一九","0705-323","日文","書目資料","期刊-雜誌","27公分","第23頁","34頁","吉鹿則行","pdf","本電影預定由芳乃館上映","演藝とキネマ","昭和4年12月20日","臺灣演藝娛樂社","1929-12-20"
"33","jpli2008-pd-sxt_0705_94_n181-021_no15_j-i","時報[專賣通信新年特輯號]","專賣通信","n181","1930-01-15","昭和5年1月15日","臺灣總督府專賣局","臺北市","0705　94","時報","日文","書目資料","期刊","第39-44頁","174","今川淵","pdf","以下為時報之內容：
1.緊縮時代の商賣振
2.銀市場設置の問題
3.純國產のウヰスキー
4.國產映畵フイルム
5.天然色の寫眞印畵
6.適良飲酒と優良兒
7.警視廳の多產見解
8.糖尿病患者の福音
9.結婚式改善の提唱
10.無線電話速成建議
11.中等學校新聞講座
12.現代家主氣質とは
13.晚婚者の一大福音","專賣通信","昭和5年1月15日","時報","臺灣總督府專賣局","1930-01-15"
"34","jpli2008-pd-sxt_0705_323_v002n002-017_no13_j","毆られる彼奴","演藝とキネマ","v002","n002","1930-02-15","昭和5年2月15日","臺灣演藝娛樂社","台北市西門町三ノ一九","0705-323","日文","書目資料","期刊-雜誌","27公分","第23-26頁","28頁","吉鹿則行","pdf","本篇為電影介紹,內容分為以下標題：
1.毆られる彼奴
2.何か彼女をそうさせたか
3.結婚學入門
4.黑ゆりの花","演藝とキネマ","昭和5年2月15日","臺灣演藝娛樂社","1930-02-15"
"35","jpli2007-pd-sxt_0705_28_n155-044_no43_j","活動寫真に就て","臺灣警察時報","n155","1930-03-15","昭和5年3月15日","臺灣警察協會","臺北","0705-28","日文","書目資料","期刊-雜誌","22公分","第46頁","48","森島庄太郎","pdf","無版權頁
本期刊名改為""臺灣警察時報－第6期""","本文旨在說明電影與膠片的關係，簡單介紹電影每秒所需的膠片、膠片的性質、攝影及製作等。其次，指出如何有效利用電影之特性，已有不少之研究。再者，作者認為電影的設備日益簡化，可望於數年之內漸次普及於家庭。如此一來，相關的犯罪亦會減少。","臺灣警察時報","昭和5年3月15日","臺灣警察協會","1930-03-15"
"36","jpli2007-pd-sxt_0705_28_n156-044_no43_j","練習所通信[篇]","臺灣警察時報","n156","1930-04-01","昭和5年4月1日","臺灣警察協會","臺北","0705-28","通信と事報","日文","書目資料","期刊-雜誌","22公分","第42-43頁","48","森島庄太郎","pdf","以下為練習所通信篇各篇名
1.練習所通信－教室[類]
 (1)娛樂デー
 (2)庭球團遠征＝大勝
 (3)陸軍紀念日の一日
 (4)特科班會
 (5)甲特科生採用決定
 (6)部長復教習班卒業
2.花蓮港通信
 (1)「ブセガン夜學會と第一囘終了式」","無版權頁
本期刊名改為""臺灣警察時報－第7期""","收錄訊息共計8則，分別為臺北在鄉軍人會所在第一世界館舉行電影放映會、收錄練習所與警友團之間的網球比賽消息、陸軍紀念日的情形、特科召開班會、甲科生採用之名單、特科生採用之名單、部長復教習班舉行畢業式、花蓮港通信等。","臺灣警察時報","昭和5年4月1日","通信と事報","臺灣警察協會","1930-04-01"
"37","jpli2008-pd-sxt_0705_323_v002n003-018_no14_j","バラライカ","演藝とキネマ","原名「王子の夜」全十一卷","v002","n003、n004","1930-04-15","昭和5年4月15日","臺灣演藝娛樂社","台北市西門町三ノ一九","0705-323","日文","書目資料","期刊-雜誌","27公分","第33-35頁","36頁","吉鹿則行","pdf","本文為電影解說","演藝とキネマ","昭和5年4月15日","臺灣演藝娛樂社","1930-04-15"
"38","jpli2007-pd-sxt_0705_28_n162-038_no37_j","練習所通信","臺灣警察時報","n162","1930-07-15","昭和5年7月15日","臺灣警察協會","臺北","0705-28","通信と事報","日文","書目資料","期刊-雜誌","22公分","第37-39頁","44","森島庄太郎","pdf","無版權頁
本期刊名改為""臺灣警察時報－第13期""","收錄訊息共計12則，分別為甲科班長於柔道練習時受傷、教職員學生至第二世界館觀賞電影、第三班在陸軍射擊場舉行射擊會、特科生因病退出練習所、第一班舉行班會、練習生參加網球比賽、實施大掃除、教職員近況、舉辦臨時考試、木村教官喪女、臺東通信、高雄通信等。","臺灣警察時報","昭和5年7月15日","通信と事報","臺灣警察協會","1930-07-15"
"39","jpli2008-pd-sxt_0705_323_v003n002-015_no11_j","映畵の頁","演藝とキネマ","第三部第二號","v003","n002","1930-10-15","昭和5年10月15日","臺灣演藝娛樂社","台北市西門町三ノ一九","0705-323","日文","書目資料","期刊-雜誌","27公分","第25頁","40頁","吉鹿則行","pdf","左下角有一電影資料","演藝とキネマ","昭和5年10月15日","臺灣演藝娛樂社","1930-10-15"
"40","jpli2007-pd-sxt_0705_28_n169-032_no31_j","通信と事報[篇]","臺灣警察時報","n169","1930-11-01","昭和5年11月01日","臺灣警察協會","臺北","0705-28","通信と事報","日文","書目資料","期刊-雜誌","22公分","第26-29頁","32","森島庄太郎","pdf","以下為通信と事報篇各篇名及作者
1.練習所通信　鷲巢生
2.花蓮通信
3.臺東通信
4.澎湖通信","無版權頁
本期刊名改為""臺灣警察時報－第20期""","收錄練習所通信11則，分別為練習所舉辦電影放映會、畢業前夕舉辦修學旅行、第四班舉辦班會、第一班和司獄班舉辦畢業典禮、乙科第五班進入練習所、特科班修業期滿、練習所棒球部近況、伊藤英三教官榮升新竹州警務課長、第三班於旅行途中發生墜橋事故、採用考試發生作弊、甲科臨時考試等。","臺灣警察時報","昭和5年11月01日","通信と事報","臺灣警察協會","1930-11-01"
"41","jpli2007-pd-sxt_0705_28_n170-035_no34_j","通信と事報[篇]","臺灣警察時報","n170","1930-11-15","昭和5年11月15日","臺灣警察協會","臺北","0705-28","通信と事報","日文","書目資料","期刊-雜誌","22公分","第33-35頁","36","森島庄太郎","pdf","p35原件不清楚
以下為通信と事報篇各篇名及作者
1.練習所通信－概況、談話室　鷲巢生
2.甲科班旅行記　志美津生
3.臺中通信","無版權頁
本期刊名改為""臺灣警察時報－第21期""","收錄練習所通信7則，分別為練習所第五班舉行班會、學生觀賞電影、練習所近況、臺中州警務部舉辦射擊活動並公布其成績、前練習所教官高橋實吉去世等消息，以及甲科班旅行記，記載該班在教官帶領下前往花蓮、臺東等記參觀旅行的經過概況等。","臺灣警察時報","昭和5年11月15日","通信と事報","臺灣警察協會","1930-11-15"
"42","jpli2007-pd-sxt_0705_28_n174-014_no13_j","鬼根魔展望","臺灣警察時報","n174","1931-02-01","昭和6年2月1日","臺灣警察協會","臺北","0705-28","說苑","日文","書目資料","期刊-雜誌","22公分","第14頁","42","森島庄太郎","pdf","p33-34缺頁、無版權頁
本期刊名改為""臺灣警察時報－第25期""","本文旨在探討現代機械文明汽車、收音機、飛機、電影等對大眾生活的影響，指出日本的電影發展快速，其題材、構想、拍攝方法都與日本傳統的演劇形式大不相同。二十年來，日本出品的電影數量已經達到世界第一的水準，近來政府更積極透過電影的製作、播放，達到教化、宣傳、產業振興等功能。（待續）","臺灣警察時報","昭和6年2月1日","說苑","臺灣警察協會","1931-02-01"
"43","jpli2007-pd-sxt_0705_28_n175-016_no15_j","鬼根魔展望（二）","臺灣警察時報","n175","1931-02-15","昭和6年2月15日","臺灣警察協會","臺北","0705-28","說苑","日文","書目資料","期刊-雜誌","22公分","第13頁","40","森島庄太郎","pdf","無版權頁
本期刊名改為""臺灣警察時報－第26期""","本文係接續第25號之文章，指出近來日本國內新聞頻頻刊登有關左派無產階級者藉由電影播放，大肆宣傳，煽動階級鬥爭，擾亂社會秩序。而流行電影的劇情經常充斥色情、淫蕩畫面，破壞善良風俗，因此觀賞者的範圍、年齡應有所限制。","臺灣警察時報","昭和6年2月15日","說苑","臺灣警察協會","1931-02-15"
"44","jpli2007-pd-sxt_0705_28_n176-019_no18_j","鬼根魔展望（二）","臺灣警察協會雜誌","n176","1931-03-01","昭和6年3月1日","臺灣警察協會","臺北","0705-28","說苑","日文","書目資料","期刊-雜誌","22公分","第18頁","36","森島庄太郎","pdf","無版權頁
 本期刊名改為""臺灣警察時報－第27期""","本文係接續第25號之文章，旨在指出各國製作的電影各有其特色。劇情往往反映該國國情、國運、國民性，日本係仁義、道德之國，有關描寫三千年歷史的電影約佔六成；德國電影則以推理、科學、醫術等學術內容居多；而中國乃性慾、鴉片之國，其電影也是低級愚劣，充滿民族鬥爭、排日主義的內容。（待續）","臺灣警察協會雜誌","昭和6年3月1日","說苑","臺灣警察協會","1931-03-01"
"45","jpli2007-pd-sxt_0705_28_n184-004_no03_j","蕃地巡回映畫に就て","臺灣警察時報","n184","1931-07-01","昭和6年7月1日","臺灣警察協會","臺北","0705-28","會員論壇","日文","書目資料","期刊-雜誌","22公分","第3-4頁","40","森島庄太郎","pdf","無版權頁
本期刊名改為""臺灣警察時報－第35期""","本文旨在說明巡迴原住民部落放映電影的功效顯著，但可惜一年一次或數年一次稍嫌少一點，電影有教育、娛樂等功效，最好能夠針對原住民編寫適當的腳本，製作符合原住民觀看的電影。而原住民部落的警察也應增進電影的相關知識，加強操作機具使用的技術。","臺灣警察時報","昭和6年7月1日","會員論壇","臺灣警察協會","1931-07-01"
"46","jpli2008-pd-sxt_0705-214_n001-012_no09_j","發明王陶馬斯越治遜翁逝世","曉鐘","n001","1931-12-18","昭和6年12月18日","曉鐘社","虎尾郡","0705-214","日文","書目資料","期刊-雜誌","21公分","第11-12頁","24頁","吳仁義","pdf","曉鐘","昭和6年12月18日","曉鐘社","1931-12-18"
"47","jpli2012-pd-sxt_0705_355_n028_008_no03_j-i","映畫フアンを覗きて","高雄州時報","n028","1932年","昭和7年","高雄州內務部地方課","高雄州","0705　355","說苑","日文","書目資料","期刊","第10-14頁","72","發行者不詳","pdf","以下為映畵フアンを覗きて內容篇名：
1.一　少年時代
2.二　青年時代
3.三　中年時代
4.四　狀年時代
5.五　成年時代
6.六　老年時代

以下為內容其他篇名及作者：
俳句　啟一郎","無版權頁,原件題名為:映畵フアンを覗きて","高雄州時報","昭和7年","說苑","高雄州內務部地方課","1932年"
"48","jpli2012-pd-sxt_0705_355_n026_015_no09_j-i","映畫教育に就て　【一】","高雄州時報","n026","1932年","昭和7年","高雄州內務部地方課","高雄州","0705　355","隨筆","日文","書目資料","期刊","第40-46頁","75","發行者不詳","pdf","無版權頁,原件題名為:映畵敎育に就て【一】","高雄州時報","昭和7年","隨筆","高雄州內務部地方課","1932年"
"49","jpli2012-pd-sxt_0705_355_n027_012_no07_j-i","映畫教育に就て　【二】","高雄州時報","n027","1932年","昭和7年","高雄州內務部地方課","高雄州","0705　355","隨筆","日文","書目資料","期刊","第30-36頁","75","發行者不詳","pdf","以下為內容其他篇名及作者：
秋　北原白秋","無版權頁,原件題名為:映畵敎育に就て【二】","高雄州時報","昭和7年","隨筆","高雄州內務部地方課","1932年"
"50","jpli2007-pd-sxt_0705_28_n195-021_no16_j","衛生思想普及策［佳作］","臺灣警察時報","n195","1932-02-01","昭和7年2月1日","臺灣警察協會","臺北","0705-28","第十六囘募集懸賞論文","日文","書目資料","期刊-雜誌","22公分","第60-63頁","182","森島庄太郎","pdf","無版權頁
本期刊名改為""臺灣警察時報－第46期""","本文旨在說明保健衛生的問題與國力增加有重大相關，衛生警察係站在社會保健與增進民眾福利第一線任務的執行者，應該針對熱帶氣候的本島，實施相對應的衛生思想策略。例如：告文內容口語化、廣泛製作標語、利用放映電影宣導、舉辦衛生展覽會、製作衛生教育資料、發表衛生統計結果、舉辦演講會與座談會、各級政府增設衛生相關人員等。","臺灣警察時報","昭和7年2月1日","第十六囘募集懸賞論文","臺灣警察協會","1932-02-01"
"51","jpli2007-pd-sxt_0705_28_n199-041_no33_j","手文庫より","臺灣警察時報","n199","1932-06-01","昭和7年6月1日","臺灣警察協會","臺北","0705-28","日文","書目資料","期刊-雜誌","22公分","第89-91頁","160","森島庄太郎","pdf","無版權頁
本期刊名改為""臺灣警察時報－第50期""","本文為作者在臺擔任巡查的回憶文字，記述兩位霧社的巡查娶原住民頭目女兒為妻、活躍於蕃界的實況；並提及身居山中的苦與樂，從三餐的菜色到電影觀賞。山裡面的巡查不斷要求充實醫藥機關，解決兒童教育的問題。","臺灣警察時報","昭和7年6月1日","臺灣警察協會","1932-06-01"
"52","jpli2007-pd-sxt_0705_28_n202-021_no15_j","都市騷音防止論（一）","臺灣警察時報","n202","1932-09-01","昭和7年9月1日","臺灣警察協會","臺北","0705-28","中間讀物","日文","書目資料","期刊-雜誌","22公分","第66-73頁","186","森島庄太郎","pdf","無版權頁
本期刊名改為""臺灣警察時報－第53期""","本文旨在論述如何防止都市噪音，指出人類生活進入現代文化生活後，聲音變成是人類生活不可避免或言不可或缺的物理現象、生物學現象。所謂噪音，是指令人不愉快的音響、不必要的音響、有害無益的音響、喧囂的音響。在人口激增的現代，人馬交通頻繁，擴音器、工廠的汽笛、機械的聲音、叫賣報紙的鈴聲、飛機的聲響、電影的伴奏、警笛……等。噪音極度刺激文化人的神經，刺激耳朵，使人產生疾病、不愉快的感覺、食慾不振、消耗精神體力。因此，防止噪音成為今日社會的重要問題。（待續）","臺灣警察時報","昭和7年9月1日","中間讀物","臺灣警察協會","1932-09-01"
"53","jpli2012-pd-sxt_0705_355_n029_009_no04_j-i","農村と映畫","高雄州時報","n029","1933年","昭和8年","高雄州內務部地方課","高雄州","0705　355","說苑","日文","書目資料","期刊","第31-38頁","83","發行者不詳","pdf","以下為農村と映畵之內容：
1.一、農村文化と映畵
2.二、興業映畵と農村
3.三、外國に於ける農村映畵の活勤
4.四、我が國の現狀","無版權頁,原件題名為:農村と映畵","高雄州時報","昭和8年","說苑","高雄州內務部地方課","1933年"
"54","jpli2007-pd-sxt_0705_28_n210-019_no12_j","臺灣警察協會十五年の歩み（二）","臺灣警察時報","n210","1933-05-01","昭和8年5月1日","臺灣警察協會","臺北","0705-28","日文","書目資料","期刊-雜誌","22公分","第38-57頁","250","篠原哲次郎","pdf","本文接續第209號的文章，介紹臺灣警察協會十五年來的各項變遷。除了介紹蕃地交易、蕃地勤務員煙草共同購買、物品共同購買、保險費的處理、電影的巡迴放映、宿舍之建設等事項的變遷及相關數據外，並載明協會資產狀況、昭和8年（1933）的預算、創會以來各地的主要成員。","臺灣警察時報","昭和8年5月1日","臺灣警察協會","1933-05-01"
"55","jpli2007-pd-sxt_0705_28_n212-019_no10_j","犯罪者と嗜好品の關係","臺灣警察時報","n212","1933-07-01","昭和8年7月1日","臺灣警察協會","臺北","0705-28","研究資料","日文","書目資料","期刊-雜誌","22公分","第30-34頁","258","篠原哲次郎","pdf","本文旨在論述犯人與嚐好品的關係，根據東京警視廳對強盜竊盜犯、妨害風化犯的調查指出，昭和6年（1931）18,905名犯人中喜好酒者最多，其次是煙草，電影居三。最後，作者建議檢察官、法官、犯罪研究者對此一問題宜作深入研究，以期充分理解犯罪心理和犯罪者。","臺灣警察時報","昭和8年7月1日","研究資料","臺灣警察協會","1933-07-01"
"56","jpli2007-pd-sxt_0705_28_n217-017_no10_j","帝都警察近情－東京通信（その一一）","臺灣警察時報","n217","1933-12-01","昭和8年12月1日","臺灣警察協會","臺北","0705-28","日文","書目資料","期刊-雜誌","22公分","第40-42頁","213","篠原哲次郎","pdf","p167-170原件缺頁；無版權頁","收錄日本警察界消息計7則，分別為內務省警保局制訂警察賞與規則修正案，將最高獎金提高為一千圓、昭和8年（1933）10月1日起實施少年教護法、內務省擬為檢閱所收集之納本建置圖書館，以備蒐藏、警視廳擬訂航空警察計畫，現正由大藏省審議預算中、司法省芥川信博士發明指紋擴大裝置器，有助於指紋鑑識、本鄉區石原本富士、鈴木駒込兩警察署長共同募集資金以建造緊急警報器、原竹田敏彥小說「警察官」改拍成電影上映等。","臺灣警察時報","昭和8年12月1日","臺灣警察協會","1933-12-01"
"57","jpli2007-pd-sxt_0705_28_n224-029_no22_j","映畫「警察官」誌上合評","臺灣警察時報","n224","1934-07-01","昭和9年7月1日","臺灣警察協會","臺北","0705-28","日文","書目資料","期刊-雜誌","22公分","第84-101頁","223","篠原哲次郎","pdf","p84-85、p87、p89、p91、p93、p95、p97、p99、p101原件不清楚","無版權頁","收錄立石成孚、陳逸松、杉田織吉、鹽月善吉、谷河梅人、春野花哉（筆名）、伊東伊代吉、宮島龍華、會田治平、寺田千鶴子、中野健、都留長彥、杉山まさ子、佐佐木重雄、柴田多可子、前田信一等人所撰之電影「警察官」影評計16篇。","臺灣警察時報","昭和9年7月1日","臺灣警察協會","1934-07-01"
"58","jpli2007-pd-sxt_0705_28_n225-015_no08_j","帝都警察近情－東京通信（その一六）[篇]","臺灣警察時報","n225","1934-08-01","昭和9年8月1日","臺灣警察協會","臺北","0705-28","日文","書目資料","期刊-雜誌","22公分","第48-50頁","263","篠原哲次郎","pdf","以下為帝都警察近情－東京通信（その一六）篇各篇名
1.刑事警察の擴充具體案
2.警察ラヂオ完成
3.興行街看板制限
4.交通機關の騷音防止
5.警視廳の交通統制
6.譽れの「內務大臣賞」","無版權頁；p7缺頁","收錄日本警界消息計6則，分別為內務省警保局擬擴充刑事警察以圖振興警察行政、東京完成警察無線電信之配備、警視廳保安部新設電影、劇場等演藝看板之相關規定、警視廳保安部交通課研擬取締汽車警報器噪音及在市內重要叉路實施迴轉管制等計畫、內務省警保局選拔60名優秀警員並頒贈「內務大臣獎」等。","臺灣警察時報","昭和9年8月1日","臺灣警察協會","1934-08-01"
"59","jpli2007-pd-sxt_0705_7_v027n012-023_no18_j","流行歌","語苑","v027","n012","1934/12/15","昭和九年十二月十五日","臺灣語通信研究會","臺灣","0705-7","日文","書目資料","期刊-雜誌","22公分","57～60","82","無版權頁","pdf","電影主題歌(懺悔的歌)","語苑","昭和九年十二月十五日","臺灣語通信研究會","1934/12/15"
"60","jpli2007-pd-sxt_0705_28_n236-011_no06_j","映畫「血の敵」を觀る","臺灣警察時報","n236","1935-07-01","昭和10年7月1日","臺灣警察協會","臺北","0705-28","日文","書目資料","期刊-雜誌","22公分","第22-25頁","269","篠原哲次郎","pdf","無版權頁","本文旨在說明觀看電影血之敵與對性病防治的心得，首先，指出血之敵是德國電影，內容係探討血液的敵人性病，劇情中男主人一時貪歡，染上性病卻不知情，將疾病傳給女主人和小孩；接著，說明日本取締性病的歷程，呼籲日本應對性病患者採取法律保護，年輕人應做婚前健康檢查，並對性病有適切的認識等。","臺灣警察時報","昭和10年7月1日","臺灣警察協會","1935-07-01"
"61","jpli2007-pd-sxt_0705_28_n237-040_no33_j","地方時事[篇]","臺灣警察時報","n237","1935-08-01","昭和10年8月1日","臺灣警察協會","臺北","0705-28","地方時事","日文","書目資料","期刊-雜誌","22公分","第114-164頁","196","篠原哲次郎","pdf","p123-124、p127、p130、p134-136、p144-145、p147-148、p153原件不清楚
以下為方時事篇各篇名及作者
1.臺北通信　軸丸照南
2.新竹通信　系島熊次郎
3.臺中通信　釜田安一
4.臺南通信　早川岩松
5.高雄通信　吉田時藏
6.花蓮港通信　山口庄八
7.臺東通信　錦引生
8.澎湖通信　難波虎藏
9.練習所通信　新開敎
10.講習所通信　上野茂譽","無版權頁","收錄臺北通信、新竹通信等訊息，其一，臺北通信，刊載關於警察招魂祭、電影說明者考試、汽車司機統一服裝、警察會議、游泳講習、乙種語學考試、交通事務說明會、海山郡教練射擊、羅東郡天送埤派出所落成等9則；其二，新竹通信，刊載關於表彰儀式、語學競演會、海賊船警戒演習、大埔派出所落成儀式、竹東郡良書講習會、竹南郡警察課職員與家族慰安會、蕃人製麻競技會、武道夏季講習會實施預告等8則。","臺灣警察時報","昭和10年8月1日","地方時事","臺灣警察協會","1935-08-01"
"62","jpli2007-pd-sxt_0705_28_n242-036_no31_j","犯罪研究特輯[篇]","臺灣警察時報","n242","1936-01-01","昭和11年1月1日","臺灣警察協會","臺北","0705-28","犯罪研究特輯","日文","書目資料","期刊-雜誌","22公分","第123-131頁","263","篠原哲次郎","pdf","以下為犯罪研究特輯篇各篇名及作者職稱
1.人相と犯罪の關係　［法學士］島津佐助
2.少男少女と犯罪文學の影響　［日大講師］植松正
3.吃音と犯罪　［東京中央吃音學校長］濱本正之","p8缺頁；p207-212原件缺頁","收錄犯罪研究特輯計3篇，其一，面相與犯罪的關係，指出罪犯會顯露特殊的犯罪面相大體上分為墮落相、惡黨人相等；其二，犯罪文學對青年男女的影響，指出犯罪文學改編的電影影響青年男女，必須盡快討論犯罪對策；其三，口吃與犯罪，指出日本有200萬人以上口吃患者，造成口吃的原因很多，有精神的因素、肉體的因素等。","臺灣警察時報","昭和11年1月1日","犯罪研究特輯","臺灣警察協會","1936-01-01"
"63","jpli2007-pd-sxt_0705_28_n242-023_no18_j","映畫トリツクの話","臺灣警察時報","n242","1936-01-01","昭和11年1月1日","臺灣警察協會","臺北","0705-28","日文","書目資料","期刊-雜誌","22公分","第76-79頁","263","篠原哲次郎","pdf","p8缺頁；p207-212原件缺頁","本文旨在介紹トリツク電影拍攝技術，首先，指出トリツク攝影種類繁多，是用二重燒付完成的攝影技術；接著，說明二重燒付，就是將已經分別拍攝好的兩張底片，合併成一張沖洗的方法，電影中出現的幽靈、幻影等視覺效果，都是這樣拍攝出來的；最後，說明トリツク6種拍攝手法。","臺灣警察時報","昭和11年1月1日","臺灣警察協會","1936-01-01"
"64","jpli2007-pd-sxt_0705_28_n242-043_no38_j","警務局映畫檢閱室拜見","臺灣警察時報","n242","1936-01-01","昭和11年1月1日","臺灣警察協會","臺北","0705-28","日文","書目資料","期刊-雜誌","22公分","第148-150頁","263","篠原哲次郎","pdf","p8缺頁；p207-212原件缺頁","本文旨在說明參觀警務局電影檢閱室的經過，首先，指出電影的誘惑是現代人不可或缺的存在，無數男女隨著電影男女主角悲喜，現代人都患了電影陶醉病，因此電影監督頗為重要；接著，指出電影檢閱的原則，有冒犯皇室尊嚴、失去國家威信、損害國交親善、危害公安習俗等危險思想，或是引誘犯罪、違反日本精神等；最後，說明臺灣映畫檢閱室的沿革，指出其創立於大正15年(1926)8月，早期借用海軍武官室為辦公室等。","臺灣警察時報","昭和11年1月1日","臺灣警察協會","1936-01-01"
"65","jpli2008-pd-sxt_0705_291_n038-010_ad01_j","廣告[映画生活第38號]","映画生活","聚めて斯界に誇る國際館の名畵陣","n038","1936-04","昭和11年4月","臺北シネマリーグ","臺北市","0705-291","日文","書目資料","期刊-雜誌","27公分","無頁碼[於第11頁後第1頁]","11頁","蒲田丈夫","pdf","映画生活","昭和11年4月","臺北シネマリーグ","1936-04"
"66","jpli2007-pd-sxt_0705_28_n245-020_no15_j","社會時評[篇]","臺灣警察時報","n245","1936-04-01","昭和11年4月1日","臺灣警察協會","臺北","0705-28","社會時評","日文","書目資料","期刊-雜誌","22公分","第73-77頁","210","篠原哲次郎","pdf","以下為社會時評篇各篇名
1.男女生徒の風紀問題
2.高雄料亭に於ける怪盜
3.喫茶店と風紀紊亂","收錄社會時評共計3件，分別為男女學生的風紀問題、有關高雄餐廳的怪盜及咖啡廳與風紀紊亂。臺北市內中學生近來經常在白天穿著制服進入電影院、咖啡廳等場合，公然抽煙、飲酒作樂，其中甚至有女學生參與。高雄御園方餐廳出現怪盜，半夜自廁所潛入，騷擾熟睡中的藝妓。目前大稻埕陸續出現奇怪的咖啡廳，總數已經達到30間，這些咖啡廳大多為色情魔窟，嚴重擾亂風紀。","臺灣警察時報","昭和11年4月1日","社會時評","臺灣警察協會","1936-04-01"
"67","jpli2007-pd-sxt_0705_28_n248-036_no28_j","地方時事[篇]","臺灣警察時報","n248","1936-07-01","昭和11年7月1日","臺灣警察協會","臺北","0705-28","地方時事","日文","書目資料","期刊-雜誌","22公分","第107-160頁","218","篠原哲次郎","pdf","p107、p111-112、p115-117、p119-121、p127-129、p134原件不清楚
以下地方時事篇各篇名及作者及服務單位
1.臺北通信　堤阡
2.新竹通信　系島熊次郎
3.臺中通信　釜田安一
4.臺南通信　小田嘉勇
5.高雄通信　吉田時藏
6.臺東通信　錦引正
7.花蓮港通信　清水正
8.練習所通信　松本敬信
9.講習所通信　山田實
10.警務局だより　三宅正雄
11.大廟參拜竝關西旅行　［本科第二十二期講習生］赤峯一男
12.乙科第一班及司獄班修學旅行記","收錄訊息共計84則，分別為臺北壯二派出所落成、高校對警務部劍道賽、理蕃課給仕黃慶雲獲賞、乙科練習生採用預備試驗、理髮試驗，新竹公醫會、爆彈演習、防犯電影會、南庄分室落成、烏來駐在所警手ブランシブイ殉職、大河底派出所重建落成、嵐山道路開工典禮、瘧疾鏡檢室落成、巡查部長試驗，臺中五張犁派出所落成、武道會增設馬術部、警手教養講習、郡守市尹警察署長會議，臺南吳明智巡查殉職、北門町派出所落成、設置災害通信員、四草派出所落成、犯罪即決事務講習會、巡查部長講習、三塊厝派出所落成，高雄巡查部長銓衡試驗、海軍紀念日行事、臺語乙種口述試驗、桃子園派出所落成、犯罪即決事務講習會、原住民高雄觀光、汽油取締注意事項、警察官教養規程修改、信用告知業、貨車取締規則制定、原住民教化活動，臺東犯罪即決事務講習會、汽車司機試驗、乙種語學口述試驗、教練射擊、武道大會，花蓮稻住派出所落成、演武場上樑、荳蘭派出所落成、消防組長會議，練習所教習班畢業、飛機試乘、第七班畢業、第二班武道賽、角板山行軍、第三班入所、廣東留學生入所，講習所入所式、課目及講師表，警務局本科講習錄、廣東留學生來臺、石垣倉治局長巡視、全島衛生課長會議等。","臺灣警察時報","昭和11年7月1日","地方時事","臺灣警察協會","1936-07-01"
"68","jpli2007-pd-sxt_0705_28_n250-023_no16_j","輸移出活動寫真フイルム取締規則に就て","臺灣警察時報","n250","1936-09-01","昭和11年9月1日","臺灣警察協會","臺北","0705-28","日文","書目資料","期刊-雜誌","22公分","第73-82頁","198","篠原哲次郎","pdf","本文旨在說明因應近來活動照片及電影的輸出普及化，總督府於7月28日公布府令第61號有關照片膠片取締規則，8月1日起實施。此令共有16條條文，其目的在於防止有關貧民窟、賣淫窟、乞食及日本侵略主義之影片輸出國外，造成國家威信受損。","臺灣警察時報","昭和11年9月1日","臺灣警察協會","1936-09-01"
"69","jpli2008-pd-sxt_0705_311_y1937m01-010_no08_1_j","同人近作","鷗盟","1936-12-29","昭和11年12月29日","鷗盟","嘉義市","0705-311","日文　","書目資料","期刊-雜誌","27公分","第14-17頁","22頁","方輝龍","pdf","1.芾亭(阿琴鳴蕭花叢小記)
2.芾亭(自題諸羅花絮錄)
3.華圃(未婚妻)
4.柏舟(春日山行)
5.雪村(看護婦)
6,雪村(跳舞女)
7.雪村(問月)
8.嘨涛(美人図)
9.嘨涛(村居)
10.玉山(清水客舍雨浚)
11.玉山(溪声)
12.水文(鄉思)
13.水文(暁望)
14.明憲[題目不詳]
15.明憲(日傘)
16.竹村(看電影)
17.竹村(新月)
18.听涛(線香)
19.听涛(苔石)
20.雲翔(征人梦)
21.如笙(老將)
22.如笙(閨怨)
23.雲友(泛月)
24.雲友(歲暮書","鷗盟","昭和11年12月29日","鷗盟","1936-12-29"
"70","jpli2007-pd-sxt_0705_28_n254-068_no60_j","練習所通信[篇]","臺灣警察時報","n254","1937-01-01","昭和12年1月1日","臺灣警察協會","臺北","0705-28","訊息","日文","書目資料","期刊-雜誌","22公分","第231-237頁","319","篠原哲次郎","pdf","本文在頁面的上半段
p231原件不清楚
以下為練習所通信篇各篇名
1.甲種巡查採用試驗狀況
2.明治節拜賀式
3.國民精神作興週間
4.理蕃課團對理教班野球試合
5.蕃地紹介活動寫真
6.第四班射擊
7.第三班卒業班會
8.第三班送別演藝會
9.第三班卒業式
10.新開教官とのお別れ
11.特科班理蕃教習班の射擊
12.教官團對甲科班庭球試合
13.崎山教官來任
14.乙種巡查教習班入所豫定","p44、112缺頁","收錄練習所訊息計13則，分別為甲種巡查採用考試實施之經過、明治節祝賀儀式、國民精神作興週實施各班對抗網球比賽、考察文山郡、在新公園奉讀詔書、各班對抗武道比賽（並附柔道和劍道之成績）、理蕃課與教習班進行棒球比賽、在練習所內演武場播放介紹原住民之電影、第四班實施射擊、第三班舉行畢業班會新開教官轉任警務局特科班和理蕃教習班實施射擊、教官與甲科班進行網球比賽、崎山教官任職練習所、乙種巡查教習班入所期程等。","臺灣警察時報","昭和12年1月1日","訊息","臺灣警察協會","1937-01-01"
"71","jpli2007-pd-sxt_0705_28_n255-037_no31_j","新法令の紹介","臺灣警察時報","n255","1937-02-10","昭和12年2月10日","臺灣警察協會","臺北","0705-28","執務資料","日文","書目資料","期刊-雜誌","22公分","第121-126頁","242","篠原哲次郎","pdf","本文旨在說明警察執行勤務必須知悉的相關法令，包括新近公布或修改部分內文之法令，主要集中於昭和11年（1936）下半年。包括「臺灣不穩文書臨時取締令」、「臺灣都市計畫令」、「臺灣地方選舉取締規則」、「關於流行性腦言指定之件」、「電影檢閱規則」、「臺灣總督府部內臨時職員設置制」、「航空檢疫規則」、「臺灣總督府文官服裝規程」、「家畜傳染病檢疫規則」、「臺灣鴉片令」、「臺灣墓地、火葬場及埋火葬取締規則」，並詳細解說上述法令之內容與意義。","臺灣警察時報","昭和12年2月10日","執務資料","臺灣警察協會","1937-02-10"
"72","jpli2007-pd-sxt_0705_28_n255-016_no10_j","映畫國策の諸問題","臺灣警察時報","n255","1937-02-10","昭和12年2月10日","臺灣警察協會","臺北","0705-28","說苑","日文","書目資料","期刊-雜誌","22公分","第39-45頁","242","篠原哲次郎","pdf","本文旨在說明即使一般人認為日本的電影「無聊」甚或「有害」，然而衡諸相關數字顯示，每年有不少人觀賞電影。因此，作者認為必須樹立電影國策，探討權責機構、電影的內容、國產電影的獎勵、外國電影的統制、電影的上映和檢閱制度等問題，並提出相關的意見。","臺灣警察時報","昭和12年2月10日","說苑","臺灣警察協會","1937-02-10"
"73","jpli2007-pd-sxt_0705_28_n259-022_no15_j","乙種論題－高砂族指導教化の方策［二等］（第二席）","臺灣警察時報","n259","1937-06-07","昭和12年6月7日","臺灣警察協會","臺北","0705-28","記念募集懸賞論文","日文","書目資料","期刊-雜誌","22公分","第128-135頁","371","篠原哲次郎","pdf","本文為徵文比賽論題「原住民指導教化之策略」之得獎作品，旨在說明原住民的指導教化最重要的關鍵是當地的指導。作者分別從指導者（包含教化者）、教化、授產、衛生、交易等方面，對此一問題進行分析。特別指出相關措施的重要性，包括神社的建立、禮儀、節酒、舊慣與服裝改善、謝恩與奉獻、獎勵體育、頭目勢力者會議參觀與電影教育、男子的教化、青年與婦人講習會、自治訓練等。","臺灣警察時報","昭和12年6月7日","記念募集懸賞論文","臺灣警察協會","1937-06-07"
"74","jpli2007-pd-sxt_0705_28_n260-046_no41_j","警務局だより[篇]","臺灣警察時報","n260","1937-07-12","昭和12年7月12日","臺灣警察協會","臺北","0705-28","日文","書目資料","期刊-雜誌","22公分","第159-161頁","213","篠原哲次郎","pdf","以下為警務局だより篇各篇名
1.警務部長警衛事務打合會
2.警務課長警衛事務打合會
3.衛生課長打合會
4.東久邇宮殿下御警衛
5.映畫阿里山蕃撮影
6.蕃地優良社會教化團體表彰","p23缺頁","收錄警務局通信計6則，分別為警務部長警衛事務協調會（並附指示事項和注意事項）、警務課長警衛事務協調會、衛生課長協調會、東久邇宮親王來臺警備事宜、警務局理蕃課拍攝阿里山原住民之電影、表揚原住民優良社會教化團體（並附優良教化團體、國語普及成績優秀團體之名單）等。","臺灣警察時報","昭和12年7月12日","臺灣警察協會","1937-07-12"
"75","jpli2007-pd-sxt_0705_28_n260-015_no10_j","映畫の起原竝に發達の史的素描","臺灣警察時報","n260","1937-07-12","昭和12年7月12日","臺灣警察協會","臺北","0705-28","說苑","日文","書目資料","期刊-雜誌","22公分","第53-58頁","213","篠原哲次郎","pdf","p23缺頁","本文原為日本電影檢閱之權威內務省理事官田島太郎於去年（1936）5月，透過東京JOAK（NHK之前身）所作之演講，經過田島本人增補之後，特地提供臺灣警察時報加以刊登。敘述電影的起源、發展，並詳細解釋相關的近代發明。（待續）","臺灣警察時報","昭和12年7月12日","說苑","臺灣警察協會","1937-07-12"
"76","jpli2007-pd-sxt_0705_28_n261-010_no05_j","映畫の起原竝に發達の史的素描（二）","臺灣警察時報","n261","1937-08-10","昭和12年8月10日","臺灣警察協會","臺北","0705-28","說苑","日文","書目資料","期刊-雜誌","22公分","第22-26頁","181","篠原哲次郎","pdf","本文接續第260號之文章，原為日本電影檢閱之權威內務省理事官田島太郎增補其演講稿之後，特地提供臺灣警察時報加以刊登。作者表示對於電影的發展史有縱向的瞭解之後，必須說明相關的發明，包括有聲電影、有色電影等。","臺灣警察時報","昭和12年8月10日","說苑","臺灣警察協會","1937-08-10"
"77","jpli2007-pd-sxt_0705_28_n264-008_no03_j","映畫檢閱の根本精神と其の標準","臺灣警察時報","n264","1937-11-10","昭和12年11月10日","臺灣警察協會","臺北","0705-28","日文","書目資料","期刊-雜誌","22公分","第14-29頁","238","篠原哲次郎","pdf","本文旨在說明電影檢閱的根本精神及其標準。指出內務省實施電影檢閱始於大正14年（1925）7月，之前各地的檢閱作法不一，設有專門檢閱官的地方只有東京、大阪、京都三府，其餘則由保安課員兼任。內務省最初人力亦不足，只有3位檢閱官和見習3人，目前專任10人，另有10餘人從旁協助。另亦討論電影檢閱的各種情形與作法。","臺灣警察時報","昭和12年11月10日","臺灣警察協會","1937-11-10"
"78","jpli2007-pd-sxt_0705_28_n253-012_no05_j","帝都警察近情","臺灣警察時報","n253","1937-12-10","昭和12年12月10日","臺灣警察協會","臺北","0705-28","日文","書目資料","期刊-雜誌","22公分","第15-18頁","171","篠原哲次郎","pdf","p20缺頁","收錄帝都警察近情7件，分別為因應看電影人數激增，內務省新設婦人映畫檢閱官；為防範都市犯罪案件日增，警視廳決議實施江戶時代的五人組團體犯罪防止制度；占卜業者取締法修正，資格限定中等學校畢業以上；警視廳大幅修正工場取締法，明確規範公害除去設施；最近東京出現賣血的新行業，內務省衛生局審議結果將沿革取締此類行為；昭和7年(1932)設立財團的捐贈在原嘉道、鎌田榮吉等人倡議下成立之財團法人東京警察後援會，因三井、三菱等財團捐贈大量金錢，而與警視廳之間產生嫌隙，如今該會捐贈15萬圓給警視廳警備後援會，兩者之間的誤會消彌；近來出現販賣蛇、青蛙等製成的藥品，嚴重違反賣藥法取締規則，警視廳下令加強取締。","臺灣警察時報","昭和12年12月10日","臺灣警察協會","1937-12-10"
"79","jpli2007-pd-sxt_0705_127_v005n001-004_gc02_1_j","圖[臺灣婦人界第五卷第一號]","臺灣婦人界","v005","n001","1938-01-01","昭和13年1月1日","株式會社臺灣婦人社","臺北","0705 127","日文","書目資料","期刊-雜誌","27公分","無頁碼[於封面頁後第6-9頁]","第5卷第1號共159頁","古賀千代子","pdf","詩及插圖,明治製菓公司照片,電影宣傳照片","臺灣婦人界","昭和13年1月1日","株式會社臺灣婦人社","1938-01-01"
"80","jpli2007-pd-sxt_0705_28_n270-007_no02_j","外事警察について","臺灣警察時報","n270","1938-05-05","昭和13年5月5日","臺灣警察協會","臺北","0705-28","日文","書目資料","期刊-雜誌","22公分","第2-7頁","213","篠原哲次郎","pdf","本文旨在論說戰爭時期之外事警察。首先，指出世人對間諜之認知大多來自小說、電影，但在實戰中，間諜更科學、更有組織，不分戰時或平常均廣泛的行動。因此，防衛外諜係外事警察之重大任務。其次，指出國民對外國人之態度，可分成四個階段，包括敵視、賤外、排外、平等四時代。但是，外事警察一方面得保護外國人，導引民眾莫使不必要的行動招致國家重大損失。最後，指出外事警察對在臺中國人之態度、處理之看法。","臺灣警察時報","昭和13年5月5日","臺灣警察協會","1938-05-05"
"81","jpli2007-pd-sxt_0705_28_n271-024_no19_j","ニユース映畫とルボルタージユ映畫","臺灣警察時報","n271","1938-06-01","昭和13年6月1日","臺灣警察協會","臺北","0705-28","文化時評","日文","書目資料","期刊-雜誌","22公分","第96-98頁","217","篠原哲次郎","pdf","於第96-97頁間有插頁第一至六頁
以下為插頁各篇名及作者
1.あけばんよみもの－漫畫
2.あけばんよみもの－お圍ひ異ひ　宇根周二
3.あけばんよみもの－巡查漫景四題　西澤榮晃案、豐島舜吉畫
4.あけばんよみもの－人情巡查　東山史朗","本文旨在論說新聞電影與報導電影。首先，指出新聞電影以中日戰爭為契機有顯著的發展。其次，討論興文電影之即時性與真實性。復次，論及新聞電影製作、編輯之問題，並以中國戰場為例。此外，介紹日本幾部出色的報導電影。最後，指出新聞電影和報導電影雖然皆以真實作為基礎，但是畫面製作之方向則全然相異。","臺灣警察時報","昭和13年6月1日","文化時評","臺灣警察協會","1938-06-01"
"82","jpli2008-pd-sxt_0705_132_v005n004-025_no19_5_j","臺北映畫舘四月中上映名畫","臺灣藝術新報","v005","n004","1939-04-01","昭和14年4月01日","臺灣藝術新報社","臺北市","0705-132","日文","書目資料","期刊-雜誌","27公分","第47-49頁","78","赤星義雄","pdf","第49頁為電影廣告","臺灣藝術新報","昭和14年4月01日","臺灣藝術新報社","1939-04-01"
"83","jpli2008-pd-sxt_0705_132_v005n005-026_no20_2_j","臺北映畫舘五月上映名畫","臺灣藝術新報","v005","n005","1939-05-01","昭和14年5月01日","臺灣藝術新報社","臺北市","0705-132","日文","書目資料","期刊-雜誌","27公分","第46-49頁","86","赤星義雄","pdf","第48頁為電影廣告
第49頁為藥品廣告","臺灣藝術新報","昭和14年5月01日","臺灣藝術新報社","1939-05-01"
"84","jpli2007-pd-sxt_0705_28_n284-021_no16_j","放言題[篇]","臺灣警察時報","n284","1939-07-10","昭和14年7月10日","臺灣警察協會","臺北","0705-28","放言題","日文","書目資料","期刊-雜誌","22公分","第74-78頁","188","篠原哲次郎","pdf","以下為放言題篇各篇名及作者、服務單位
1.考へる蘆－人間は風に戰ぐ一本の蘆だ倂しそれは考へる蘆だ－パスカル　葦原昌夫
2.スクリーンに映る巡查　［基隆］高井生
3.沈默問法　洲支內憲太郎
4.竊盜犯人の語る防犯　右門生
5.警察官と壯丁　［臺中第三聯合壯丁團］鷲羅
6.路傍偶言　草野一平","p42、p102、p1[於第153頁後第2頁]缺頁","收錄讀者投書計6篇，其一，漫談，刊載關於權力行使、皇民劇現象的背後、纏足女子與新戰術、煙草與惡魔、官吏與利益、外科手術等6則；其二，關於電影螢幕中的巡查；其三，沈默問法；其四，如何防止竊盜犯；其五，警察官與壯丁；其六，路旁偶言。","臺灣警察時報","昭和14年7月10日","放言題","臺灣警察協會","1939-07-10"
"85","jpli2007-pd-sxt_0705_28_n285-021_no15_j","銃後の報告書－出征せる同僚におくる[篇]","臺灣警察時報","n285","1939-08-10","昭和14年8月10日","臺灣警察協會","臺北","0705-28","特輯","日文","書目資料","期刊-雜誌","22公分","第74-126頁","251","篠原哲次郎","pdf","p75、77、79、81、83、85、87、89、91、94、96、99、102、105、108、110、112原件不清楚
插頁二至五、七至十三、十七、十九、二一、二三、二五、二七原件不清楚
於第112-113頁間有插頁第一至三二頁
以下為此篇各篇名
1.臺北州
2.新竹州
3.臺中州
4.臺南州
5.高雄州
6.臺東廳
7.花蓮港廳
8.澎湖廳
以下為插頁各篇名及作者
1.あけばん‧よみもの特輯－誌上娛樂館
2.あけばん‧よみもの特輯－誌上映畫：亞細亞の娘　新興東京作品
3.あけばん‧よみもの特輯－冷え過ぎた銀幕　B.K.O
4.ユウモア‧コント－因果な洋服　毛尾發三
5.あけばん‧よみもの特輯－綴方教室
6.あけばん‧よみもの特輯－映畫物語：榮●絵卷　松竹大船作品
7.あけばん‧よみもの特輯－漫畫：銃後漫信　舜吉
8.あけばん‧よみもの特輯－子供の座談會
9.あけばん‧よみもの特輯－艷語射擊　ロクロウ
10.あけばん‧よみもの特輯－漫才：生めよ殖やせよ　松山エンタク、松浦エノケン
11.あけばん‧よみもの特輯－漫才：金を政府へ賣りませり
12.あけばん‧よみもの特輯－時局漫才：無駄を省きませり　王杉一郎、ミス‧ワカメ
13.あけばん‧よみもの特輯－空想のメモ　波羅一瓶
14.あけばん‧よみもの特輯－ドウシマ‧シヨウ　仁賀須三
15.あけばん‧よみもの特輯－原稿募集
16.あけばん‧よみもの特輯－漫畫：のんびり夫婦（瘦せ藥の卷）","p27缺頁","本文旨在說明各州廳戰時體制的生活情形，首先，臺北州臺北南警察署指出，國防婦人會頗為活躍、新聞電影播放盛況空前；臺北州北警察署指出，前往臺灣神社參拜的民眾越來越多；基隆警察署指出，船渠工事進步，社寮町逐漸發展。其後，敘述新竹州、臺中州、臺南州、高雄州、臺東廳、花蓮港廳、澎湖廳等內容。","臺灣警察時報","昭和14年8月10日","特輯","臺灣警察協會","1939-08-10"
"86","jpli2007-pd-sxt_0705_28_n285-022_no16_j","兵隊さん有難－全島女學生の慰問文","臺灣警察時報","n285","1939-08-10","昭和14年8月10日","臺灣警察協會","臺北","0705-28","日文","書目資料","期刊-雜誌","22公分","第128-146頁","251","篠原哲次郎","pdf","p128-131、p133-138、p140-146原件不清楚
以下為此篇各篇名
1.ニュース映畫で胸躍らす炎天下の御奮鬥
2.祖父の手柄話に戰地の兵隊さんをしのぶ
3.國語普及で年寄りまでアイウエオを習ふ
4.精勤も愈々活潑に銃後國民に呼びかける
5.臉に浮ぶは灼熱の戰地に活躍される勇姿
6.時局下の女學生にふさばしい生活する
7.「戰地の兵隊さん」をモットーに勤行報國
8.週に一度はお辨當のお菜を節約して獻金
9.蟬殼を賣って慰問袋つくりに姉妹總動員
10.慰問袋にお水を入れて戰地にお送したい
11.黄粉のお荻になって戰ふ兵隊さん有難う
12.「報國」の二字を胸に秘めて銃後をまもる
13.廢品囘收で町には煙草の吸殻も見當らぬ
14.學寮の七夕祭に祈る兵隊さんの武運長久
15.夏休には兵隊さんの勞苦を偲ひ心身鍛鍊
16.銃後の護りは女手で心おきなく御奉公を
17.習ひおぼえた手竝の料理を御馳走したい
18.出征家族や白衣の兵隊さんを舞踊で慰問
19.金の賣却運動は警察と民間共同で好成績
20.興亞展覽會開かれて市内は人出で大賑ひ
21.百億貯蓄を目指して銃後の意氣愈よ揚る
22.歸還勇士のお顔に戰線を偲んで胸が一杯","p27缺頁","本文為女學生對前線作戰軍隊的慰問文章計14篇，例如：福田チカ子指出，看了新聞電影覺得熱血澎湃，對中日事變有新的體悟；北村晴指出，對身為日本國民感到驕傲，後方國民能有安定的生活，都是前線將士的庇蔭；施素筠指出，中日事變以來臺灣積極投入，熱情地學習日語。","臺灣警察時報","昭和14年8月10日","臺灣警察協會","1939-08-10"
"87","jpli2007-pd-sxt_0705_28_n285-025_no19_j","特別讀みもの－東宝映画－のナリオ幼き者の旗","臺灣警察時報","n285","1939-08-10","昭和14年8月10日","臺灣警察協會","臺北","0705-28","日文","書目資料","期刊-雜誌","22公分","第152-171頁","251","篠原哲次郎","pdf","p27缺頁","本文為「東寶映畫」發行的電影腳本，原作是氏原大作，他是北支戰線的步軍兵曹，鈴木紀子編寫腳本，氷室撤平擔任製作人，佐藤武擔任主角，故事敘述出征軍人家庭的心理轉折，以及兩個年幼弟弟對兄長出征的看法等內容。","臺灣警察時報","昭和14年8月10日","臺灣警察協會","1939-08-10"
"88","jpli2007-pd-sxt_0705_28_n286-009_no04_j","紅毛綺譚","臺灣警察時報","n286","1939-09-10","昭和14年9月10日","臺灣警察協會","臺北","0705-28","紅毛綺譚","日文","書目資料","期刊-雜誌","22公分","第13頁","174","篠原哲次郎","pdf","p15-16原件缺頁","收錄國外訊息計10則，分別為味道的生理學、明暗寺院的雙面鏡、香蕉與瓦斯、以前的船旅、軍樂隊與樂器、運動與科學、戰場與屑鐵、美國的拳擊記錄電影、諜報暗號及其解讀、迷你鹿等內容。","臺灣警察時報","昭和14年9月10日","紅毛綺譚","臺灣警察協會","1939-09-10"
"89","jpli2007-pd-sxt_0705_28_n286-025_no20_j","考へる蘆；大麻奉齊の結果を覗く；ソ聯の警察；沈默問法","臺灣警察時報","n286","1939-09-10","昭和14年9月10日","臺灣警察協會","臺北","0705-28","放言題","日文","書目資料","期刊-雜誌","22公分","第82-87頁","174","篠原哲次郎","pdf","以下為此篇各篇名及作者
1.考へる蘆　葦原昌夫
2.大麻奉齊の結果を覗く　［基隆］醉香生
3.ソ聯の警察　［北斗］中尾生
4.沈默問法　洲之內憲太郎","p15-16原件缺頁","收錄讀者投書計4則，其一，隨筆，旨在說明高等警察的機能、秘密性，以及訓練等問題；其二，大麻奉齋的結果，旨在檢討於臺灣實施大麻奉齋的成效；其三，蘇聯的警察，旨在說明蘇聯警察制度的沿革；其四，沈默問法，旨在說明戰時電影的教化功能。","臺灣警察時報","昭和14年9月10日","放言題","臺灣警察協會","1939-09-10"
"90","jpli2007-pd-sxt_0705_28_n287-008_no03_j","紅毛綺譚","臺灣警察時報","n287","1939-10-10","昭和14年10月10日","臺灣警察協會","臺北","0705-28","紅毛綺譚","日文","書目資料","期刊-雜誌","22公分","第11頁","187","篠原哲次郎","pdf","旨在說明國外訊息計11則，分別為紐約的水上貨車倉庫公司、1884年英國開始利用自行車、西方人認為左邊不吉利、理想的日照、美國的交響樂團、1839年英國開始印製火車時刻表、美國的業餘表演者、不看電影的人、德國愛喝酒的人、世界第一的彩繪玻璃、英國有名的獵狐等內容。","臺灣警察時報","昭和14年10月10日","紅毛綺譚","臺灣警察協會","1939-10-10"
"91","jpli2007-pd-sxt_0705_28_n287-030_no25_j","紅毛綺譚","臺灣警察時報","n287","1939-10-10","昭和14年10月10日","臺灣警察協會","臺北","0705-28","紅毛綺譚","日文","書目資料","期刊-雜誌","22公分","第81頁","187","篠原哲次郎","pdf","收錄國外資訊計12則，分別為百種以上的動物將絕跡、英國主婦的牛肉料理、好聽的基督教會歌「千歲之岩」、1918年至今有50個國家因革命而滅亡、胎兒性別仍無法明確判斷、電影底片的感光液、艱難的登山路線、美國於1800年開始流行賭博、俄國的怪僧、測量大氣的高度、英國的cricket俱樂部、女性與死刑等內容。","臺灣警察時報","昭和14年10月10日","紅毛綺譚","臺灣警察協會","1939-10-10"
"92","jpli2007-pd-sxt_0705_28_n294-012_no07_j","フランス映畫「格子なき牢獄」を觀て","臺灣警察時報","n294","1940-05-01","昭和15年5月1日","臺灣警察協會","臺北","0705-28","日文","書目資料","期刊-雜誌","22公分","第31-33頁","182","篠原哲次郎","pdf","p30、插頁p1[本文介於第80-81頁之間]、p124缺頁
無版權頁","本文旨在論說觀賞法國電影「無格子的監獄」之感想。首先，介紹電影劇情係發生在法國南部一所女子感化院中，故事圍繞兩個主軸，新舊感化教育思想之衝突和主角之間的三角戀情。其次，分析劇情故事之結構，重視教育主義克服懲罰主義之思想。最後，指出日本行刑累進處遇令第31條亦採理解和信賴原則的教育刑論主張。","臺灣警察時報","昭和15年5月1日","臺灣警察協會","1940-05-01"
"93","jpli2007-pd-sxt_0705_28_n294-029_no24_j","近頃支那話題[篇]","臺灣警察時報","n294","1940-05-01","昭和15年5月1日","臺灣警察協會","臺北","0705-28","日文","書目資料","期刊-雜誌","22公分","第84-88頁","182","篠原哲次郎","pdf","以下為近頃支那話題篇各篇名
1.「木蘭從軍」のフイルム－白晝の重慶で燒打
2.「傷兵の友」運動と救國儲才芻議－搾取の新手
3.日本の言論－逆宣傳資料となる","p30、插頁p1[本文介於第80-81頁之間]、p124缺頁
無版權頁","收錄中國的訊息計3則，其一，電影「木蘭從軍」，指出抗戰電影「木蘭從軍」正在重慶上映；其二，「傷兵之友」運動與救國儲才芻議，指出中國人徐維康、鄭玉書，為了長期對日抗戰，分別發起「傷兵之友社」和「救國儲才運動」；其三，日本的言論，指出蔣介石政權利用日本的新聞報導反宣傳。","臺灣警察時報","昭和15年5月1日","臺灣警察協會","1940-05-01"
"94","jpli2008-pd-sxt_0705_94_v020n001-027_no21_j","シネマページ","臺灣之專賣","v020","n001","1941-01-01","昭和16年1月1日","臺灣專賣協會","臺灣","0705-94","日文","書目資料","期刊-雜誌","22公分","無頁碼","112","佐治孝德","pdf","臺灣之專賣","昭和16年1月1日","臺灣專賣協會","1941-01-01"
"95","jpli2008-pd-sxt_0705_94_v020n001-028_no22_j","舞臺姿","臺灣之專賣","v020","n001","1941-01-01","昭和16年1月1日","臺灣專賣協會","臺灣","0705-94","日文","書目資料","期刊-雜誌","22公分","無頁碼","112","佐治孝德","pdf","臺灣之專賣","昭和16年1月1日","臺灣專賣協會","1941-01-01"
"96","jpli2007-pd-sxt_0705_28_n303-031_no25_j","地方時事[篇]","臺灣警察時報","n303","1941-02","昭和16年2月","臺灣警察協會","臺北","0705-28","地方時事","日文","書目資料","期刊-雜誌","22公分","第128-146頁","191","篠原哲次郎","pdf","p131、p135、p141原件不清楚
以下為地方時事篇各篇名及作者
1.臺北通信　山下主稅
2.臺中通信　半田良則
3.臺南通信　水野謹吾
4.高雄通信　三條知人
5.臺東通信　中村榮壽
6.花蓮港通信　井上甚造
7.練習所通信　山田實
8.警務局通信　中邸艸一","無版權頁","收錄地方時事，分別為總督長谷川清巡視臺北州廳重要單位、警界同仁對於故巡查部長林火正遺族之救濟慰問、特別乙科生進入練習所、經濟司法事務協調會召開情形、蘇澳郡南澳教育所舉行慶祝紀元二千六百年高砂族大會、在警察會館等處召開原住民指導農園擔任者講習會；臺中州舉辦體育會活動實施經過、臺中州警察部實施警察野外演習具體經緯、警察武道比賽情形、年底不定時檢查之成績；總務長官首度巡視臺南州、臺南州防犯協會聯合會舉辦防犯巡迴電影放映、防犯週實施經過、保甲班進行冬防警戒、各種產業別組合聯合會舉行協調會議、東石郡進行實彈射擊、臺南州進行壯丁團檢閱與消防演練、武德會臺南支部舉辦武道比賽、經濟警察協議會之活動概況、代用燃料操縱處理記述講習會召開情形；高雄州警察職員參拜高雄神社、高等警察課長久武猛彥轉任升任總督府事務官、新南群島颱風災害情形、高屏地區舉辦慶祝紀年二千六百年聯合演習、總務長官巡視高雄主要地區、高雄市實施防空訓練、高雄州警察部召開衛生組合事務協調會、高雄州衛生課致力建設無瘧疾之模範村落、高雄市舉辦市民體育大會、青柳高等警察課長首次巡視管內、高雄地方法院獨立運作、高雄州年度武道大會實施經過、急行列車發生事故造成死傷、臺北高商校友會柔道部前來高雄比賽；臺東廳召開警察課長協調會、 原住民青年指導講習會實施經過、解除強制就業的流浪者、武德會臺東支部舉辦武道比賽、特別乙科考試實施經過、汽車駕駛執照考試實施經過東京農業大學生與警察舉行相撲比賽；花蓮實施豬肉配給制度、地租和房租取締、花蓮港廳職員種植甘薯之收穫、防犯週實施經過、改姓促進運動之實施、花蓮港廳警務課等單位進行武道比賽；練習所實施定期採用考試、廈門留學生實施修學旅行、新任練習所長荒木義夫履新、新任山崎教官履新、練習生進行坐禪、森下教官考察華南返臺、特別乙科生入所名單公布；警務局長荒木義夫訓示講話、刑事鑑識大本技手退職並將返回母校京都大學擔任講師、武德會地方本部舉辦武道比賽、大日本武德會武道專門學校講習生選拔結果公布、警務局舉辦新年棋藝比賽警察講習所第八期短期本科生之派遣。","臺灣警察時報","昭和16年2月","地方時事","臺灣警察協會","1941-02"
"97","jpli2008-pd-sxt_0705_94_v020n002-023_no17_j","シネマページ","臺灣之專賣","v020","n002","1941-02-01","昭和16年2月1日","臺灣專賣協會","臺灣","0705-94","日文","書目資料","期刊-雜誌","22公分","無頁碼","126","佐治孝德","pdf","臺灣之專賣","昭和16年2月1日","臺灣專賣協會","1941-02-01"
"98","jpli2008-pd-sxt_0705_94_v020n002-024_no18_j","お絹と番頭","臺灣之專賣","v020","n002","1941-02-01","昭和16年2月1日","臺灣專賣協會","臺灣","0705-94","日文","書目資料","期刊-雜誌","22公分","無頁碼","126","佐治孝德","pdf","臺灣之專賣","昭和16年2月1日","臺灣專賣協會","1941-02-01"
"99","jpli2008-pd-sxt_0705_339_n073-019_no15_j","少年收容者の映畵を見ての感激と決意","臺灣司法保護","新竹少年刑務所の報告書中より","n073","1941-02-13","昭和16年2月13日","臺灣總督府法務局內臺灣司法保護事業聯盟","臺北市","0705-339","日文","書目資料","期刊-雜誌","22公分","第70-73頁","90頁","發行者不詳","pdf","以下為本文所介紹之電影名
1.出征兵士を送る歌
2.科學の眼
3.讀賣ニユース
4.愛國行進曲
5.磐石の皇軍
6.子供と兵隊","臺灣司法保護","昭和16年2月13日","臺灣總督府法務局內臺灣司法保護事業聯盟","1941-02-13"
"100","jpli2008-pd-sxt_0705_94_v020n003-027_no21_j","シネマページ","臺灣之專賣","v020","n003","1941-03-01","昭和16年3月1日","臺灣專賣協會","臺灣","0705-94","日文","書目資料","期刊-雜誌","22公分","無頁碼","113","佐治孝德","pdf","臺灣之專賣","昭和16年3月1日","臺灣專賣協會","1941-03-01"
"101","jpli2008-pd-sxt_0705_94_v020n004-018_no13_j","シネマページ","臺灣之專賣","v020","n004","1941-04-01","昭和16年4月1日","臺灣專賣協會","臺灣","0705-94","日文","書目資料","期刊-雜誌","22公分","無頁碼","122","佐治孝德","pdf","臺灣之專賣","昭和16年4月1日","臺灣專賣協會","1941-04-01"
"102","jpli2008-pd-sxt_0705_94_v020n004-019_no14_j","元錄女","臺灣之專賣","v020","n004","1941-04-01","昭和16年4月1日","臺灣專賣協會","臺灣","0705-94","日文","書目資料","期刊-雜誌","22公分","無頁碼","122","佐治孝德","pdf","臺灣之專賣","昭和16年4月1日","臺灣專賣協會","1941-04-01"
"103","jpli2008-pd-sxt_0705_94_v020n005-027_no22_j","シネマページ　歌女おぼえ書","臺灣之專賣","v020","n005","1941-05-01","昭和16年5月1日","臺灣專賣協會","臺灣","0705-94","日文","書目資料","期刊-雜誌","22公分","無頁碼","118","佐治孝德","pdf","臺灣之專賣","昭和16年5月1日","臺灣專賣協會","1941-05-01"
"104","jpli2008-pd-sxt_0705_94_v020n005-028_no23_j","振袖御殿","臺灣之專賣","v020","n005","1941-05-01","昭和16年5月1日","臺灣專賣協會","臺灣","0705-94","日文","書目資料","期刊-雜誌","22公分","無頁碼","118","佐治孝德","pdf","臺灣之專賣","昭和16年5月1日","臺灣專賣協會","1941-05-01"
"105","jpli2007-pd-sxt_0705_28_n308-026_no21_j","闇取引防止強調週間を顧みて","臺灣警察時報","n308","1941-07","昭和16年7月","臺灣警察協會","臺北","0705-28","日文","書目資料","期刊-雜誌","22公分","第84-94頁","167","篠原哲次郎","pdf","無頁碼[於第92頁後1-2頁]原件不清楚
於第88-89頁間有插頁第一至八頁
以下為插頁各篇名及作者
1.自由警邏－ウフフフフ
2.自由警邏－厚生漫才斷片集　とよしましゅんきち
3.自由警邏－時局語","無版權頁","本文旨在說明為了強化國家總動員法及其他經濟統制相關法令之罰則，全臺特於5月1-7日實施國策協力防範黑市交易強調週，透過收音機播送、報紙揭載、宣傳單配送、海報張貼、演講會及懇談會的召開、經濟諮詢所的活用、電影宣傳、徵文等方式，務求讓相關業者及一般大眾徹底認識統制經濟令的要旨。","臺灣警察時報","昭和16年7月","臺灣警察協會","1941-07"
"106","jpli2007-pd-sxt_0705_28_n308-034_no29_j","地方時事[篇]","臺灣警察時報","n308","1941-07","昭和16年7月","臺灣警察協會","臺北","0705-28","地方時事","日文","書目資料","期刊-雜誌","22公分","第110-130頁","167","篠原哲次郎","pdf","p120原件不清楚
以下為地方時事篇各篇名及作者
1.臺北通信　吉田政治
2.臺中通信　稻田喜嘉
3.臺南通信　重松篤
4.高雄通信　三條知人
5.臺東通信　中村榮壽
6.花蓮港通信　井上甚造
7.練習所通信　山田實","無版權頁","收錄訊息共計57則，分別為臺北時局演講會、防諜電影、經濟警察養成講習會、乘馬會、招魂祭、傷寒預防、護士試驗、原住民的美舉，臺中薪炭汽車運轉競技會、特殊講習會，臺南警察部長更迭、警察會議、幹部講習會、乙科生修學旅行、保甲役員內地見學、指紋講習、特殊防諜組合、衛生會議，高雄長谷川清視察、元警視總監池田清視察、警察署長會議、巡查部長、警部、警部補任用試驗、州知事更迭、乙科生入所、通譯兼掌筆記試驗、草野實巡查部長葬儀、海軍紀念日行事、保安事務會，臺東黑市滅絕鐵桶陣、內本鹿事件搜索隊解隊式、防諜週保甲協會式、道路協會、齋藤樹總務長官巡視、勤行報國青年隊，花蓮報國推進隊、太魯閣汽車道路完工，練習所參禪會、登大屯山、防火演習、新入生、職員轉出、出差。","臺灣警察時報","昭和16年7月","地方時事","臺灣警察協會","1941-07"
"107","jpli2008-pd-sxt_0705_94_v020n008-019_no14_j","シネマページ","臺灣之專賣","v020","n008","1941-08-01","昭和16年8月1日","臺灣專賣協會","臺灣","0705-94","日文","書目資料","期刊-雜誌","22公分","無頁碼","126","佐治孝德","pdf","臺灣之專賣","昭和16年8月1日","臺灣專賣協會","1941-08-01"
"108","jpli2007-pd-sxt_0705_28_n309-024_no19_j","基隆のバラバラ事件","臺灣警察時報","n309","1941-08-15","昭和16年8月15日","臺灣警察協會","臺北","0705-28","日文","書目資料","期刊-雜誌","22公分","第73-79頁","183","篠原哲次郎","pdf","p76原件不清楚","本文旨在說明進入雨季後基隆每天都是陰雨綿綿的日子，M刑事在天神町一帶的理髮店搜查詐欺、侵佔罪犯人野村某，店主卻告訴他幾天前的晚上附近的吉村恒次郎夫婦發生嚴重的口角，嘈雜聲中似乎傳來吉村要將妻子殺掉的聲音。吉村出身三重縣松坂市，大正5年（1916）考上乙科巡查昭和3年（1928）辭去警察工作，現在擔任基隆海事出張所書記官，當天長子到中南部校外旅行，長女和次子去看電影，家中只剩夫妻二人，妻子發出悲鳴聲後就一片寂靜。M刑事於是向署長報告，展開搜查工作，但因為吉村是書記官吏，搜查工作必須謹慎，吉村起初不肯承認，但屍體在基隆外海發現，又查出吉村因為在外有情婦，遂引起夫婦吵架，吉村才以兩手扼殺其妻，於是殺人罪行成立。","臺灣警察時報","昭和16年8月15日","臺灣警察協會","1941-08-15"
"109","jpli2008-pd-sxt_0705_94_v020n009-025_no20_j","シネマページ","臺灣之專賣","v020","n009","1941-09-01","昭和16年9月1日","臺灣專賣協會","臺灣","0705-94","日文","書目資料","期刊-雜誌","22公分","無頁碼","90","佐治孝德","pdf","臺灣之專賣","昭和16年9月1日","臺灣專賣協會","1941-09-01"
"110","jpli2008-pd-sxt_0705_94_v020n009-026_no21_j","心は偽らず","臺灣之專賣","v020","n009","1941-09-01","昭和16年9月1日","臺灣專賣協會","臺灣","0705-94","日文","書目資料","期刊-雜誌","22公分","無頁碼","90","佐治孝德","pdf","臺灣之專賣","昭和16年9月1日","臺灣專賣協會","1941-09-01"
"111","jpli2007-pd-sxt_0705_28_n310-022_no17_j","感懷點滴","臺灣警察時報","n310","1941-09-15","昭和16年9月15日","臺灣警察協會","臺北","0705-28","安全辯","日文","書目資料","期刊-雜誌","22公分","第88-90頁","142","篠原哲次郎","pdf","p32缺頁；無版權頁","本文旨在說明前陣子看了德國軍司令部編輯的電影「勝利的歷史」，全劇貫穿雄大的逼真力，觀後產生無限的敬意，與之前「民族‧美之祭典」一片，同為德國電影文化的精華，深具國策宣傳與紀錄的價值，值得日本效法。","臺灣警察時報","昭和16年9月15日","安全辯","臺灣警察協會","1941-09-15"
"112","jpli2008-pd-sxt_0705_94_v020n010-027_no22_j","シネマページ 君よ共に歌はん","臺灣之專賣","v020","n010","1941-10-01","昭和16年10月1日","臺灣專賣協會","臺灣","0705-94","日文","書目資料","期刊-雜誌","22公分","無頁碼","112","佐治孝德","pdf","臺灣之專賣","昭和16年10月1日","臺灣專賣協會","1941-10-01"
"113","jpli2008-pd-sxt_0705_94_v020n010-028_no23_j","開化の彌次喜多","臺灣之專賣","v020","n010","1941-10-01","昭和16年10月1日","臺灣專賣協會","臺灣","0705-94","日文","書目資料","期刊-雜誌","22公分","無頁碼","112","佐治孝德","pdf","臺灣之專賣","昭和16年10月1日","臺灣專賣協會","1941-10-01"
"114","jpli2008-pd-sxt_0705_94_v020n011-019_no13_j","シネマページ","臺灣之專賣","v020","n011","1941-11-01","昭和16年11月1日","臺灣專賣協會","臺灣","0705-94","日文","書目資料","期刊-雜誌","22公分","無頁碼","106","佐治孝德","pdf","臺灣之專賣","昭和16年11月1日","臺灣專賣協會","1941-11-01"
"115","jpli2008-pd-sxt_0705_94_v020n011-020_no14_j","いしぶみ","臺灣之專賣","v020","n011","1941-11-01","昭和16年11月1日","臺灣專賣協會","臺灣","0705-94","日文","書目資料","期刊-雜誌","22公分","無頁碼","106","佐治孝德","pdf","臺灣之專賣","昭和16年11月1日","臺灣專賣協會","1941-11-01"
"116","jpli2007-pd-sxt_0705_28_n312-016_no13_j","紙芝居を觀て驚く－皇民奉公運動第一線の戰士、吾が警察界にも利用方慫慂","臺灣警察時報","n312","1941-11-15","昭和16年11月15日","臺灣警察協會","臺北","0705-28","自由警邏","日文","書目資料","期刊-雜誌","22公分","第6-7頁[於第48頁後第10-11頁]","151","篠原哲次郎","pdf","無版權頁","本文旨在說明觀看紙話劇的感想，首先，指出奉公班常會的紙話劇深受婦女和小孩歡迎，可與電影並稱為社會教化的最佳手段；接著，指出臺灣設置「紙芝居協會」與「臺灣光音株式會社」相互提攜，成為皇民奉公運動的第一線；最後，指出臺灣紙芝居協會推薦的話劇和內容解說。","臺灣警察時報","昭和16年11月15日","自由警邏","臺灣警察協會","1941-11-15"
"117","jpli2008-pd-sxt_0705_94_v020n012-019_no13_j","シネマページ","臺灣之專賣","v020","n012","1941-12-01","昭和16年12月1日","臺灣專賣協會","臺灣","0705-94","日文","書目資料","期刊-雜誌","22公分","無頁碼","122","佐治孝德","pdf","臺灣之專賣","昭和16年12月1日","臺灣專賣協會","1941-12-01"
"118","jpli2008-pd-sxt_0705_94_v020n012-020_no14_j","蘇州の夜","臺灣之專賣","v020","n012","1941-12-01","昭和16年12月1日","臺灣專賣協會","臺灣","0705-94","日文","書目資料","期刊-雜誌","22公分","無頁碼","122","佐治孝德","pdf","臺灣之專賣","昭和16年12月1日","臺灣專賣協會","1941-12-01"
"119","jpli2008-pd-sxt_0705_94_v021n001-033_no27_j","母とその子","臺灣之專賣","v021","n001","1942-01-01","昭和17年1月1日","臺灣專賣協會","臺灣","0705-94","日文","書目資料","期刊-雜誌","22公分","76～80","90","佐治孝德","pdf","臺灣之專賣","昭和17年1月1日","臺灣專賣協會","1942-01-01"
"120","jpli2007-pd-sxt_0705_28_n314-019_no14_j","現國民政府の宣傳事業","臺灣警察時報","n314","1942-01-15","昭和17年1月15日","臺灣警察協會","臺北","0705-28","日文","書目資料","期刊-雜誌","22公分","第60-66頁","217","篠原哲次郎","pdf","p12原件缺頁","本文旨在介紹中國的宣傳事業。首先，指出其宣傳事業雖然無非常遠的歷史，但要以短文盡述也有所困難，尤其事變發生後到最近發展，變化很大。其次，介紹中日事變前之宣傳事業。接著，說明國民政府還都南京前之宣傳事業。復次，介紹從還都至今的宣傳事業，包括中央宣傳講習所、檢閱新聞雜誌、成立中央電訊社、電影檢閱行政等內容。最後，介紹重慶政府、共產黨方面在上海的宣傳活動。","臺灣警察時報","昭和17年1月15日","臺灣警察協會","1942-01-15"
"121","jpli2007-pd-sxt_0705_28_n314-026_no21_j","防諜映畫史話（一）","臺灣警察時報","n314","1942-01-15","昭和17年1月15日","臺灣警察協會","臺北","0705-28","日文","書目資料","期刊-雜誌","22公分","第86-92頁","217","篠原哲次郎","pdf","p88-89、p92原件不清楚","p12原件缺頁","本文旨在介紹防範間諜電影之由來。首先，介紹防諜電影與間諜電影，指出由於防諜議題高漲，對防諜電影的興趣也增加。其次，指出電影法令、電影臨戰體制對其相關活動造成影響。復次，介紹與防諜電影有所區別的間諜電影，包括發展、類型、特色，並舉實際上映電影為例說明。（待續）","臺灣警察時報","昭和17年1月15日","臺灣警察協會","1942-01-15"
"122","jpli2008-pd-sxt_0705_94_v021n002-023_no18_j","母とその子(二)","臺灣之專賣","v021","n002","1942-02-01","昭和17年2月1日","臺灣專賣協會","臺灣","0705-94","日文","書目資料","期刊-雜誌","22公分","71～75","106","佐至孝德","pdf","臺灣之專賣","昭和17年2月1日","臺灣專賣協會","1942-02-01"
"123","jpli2007-pd-sxt_0705_28_n315-021_no16_j","防諜映畫史話（二）","臺灣警察時報","n315","1942-02-20","昭和17年2月20日","臺灣警察協會","臺北","0705-28","日文","書目資料","期刊-雜誌","22公分","第92-97頁","179","篠原哲次郎","pdf","p93、p96原件不清楚","本文係接續314號的文章，旨在說明防諜電影的內容，本文主題為大東亞的防諜電影，首先，指出對中國的戰爭並非僅止於武力戰，還有思想戰，電影是最有利的文化武器；接著，分別指出中國、日本、滿洲國三地防諜電影拍攝的情形及內容；最後，指出泰國國防電影與美國反日電影的內容。(待續)","臺灣警察時報","昭和17年2月20日","臺灣警察協會","1942-02-20"
"124","jpli2007-pd-sxt_0705_28_n316-017_no12_j","防諜映畫史話（三）","臺灣警察時報","n316","1942-03-20","昭和17年3月20日","臺灣警察協會","臺北","0705-28","日文","書目資料","期刊-雜誌","22公分","第64-68頁","167","篠原哲次郎","pdf","p65、67-68原件不清楚","本文係接續第315號之文章，旨在介紹日本的防諜電影，指出1890年放映機和攝影機發明後傳入日本仍不及四十年，第一期間諜電影是屬於偵探電影或活劇電影的一種，產生間諜的恐怖氣氛；第二期間諜電影的特徵在於描繪間諜的悲劇和人類的苦惱。","臺灣警察時報","昭和17年3月20日","臺灣警察協會","1942-03-20"
"125","jpli2007-pd-sxt_0705_28_n317-017_no12_j","防諜用語談義（一）","臺灣警察時報","n317","1942-04-20","昭和17年4月20日","臺灣警察協會","臺北","0705-28","日文","書目資料","期刊-雜誌","22公分","第44-53頁","171","篠原哲次郎","pdf","本文旨在闡釋防諜用語，首先解說「防諜之部」，分別為防諜、積極防諜、消極防諜、國民防諜、防諜陣營、防諜電影、防諜劇、防諜歌謠、國防國家、機秘密、機密、秘密、軍機、禁止進入、自然密、指定密、照片防諜、防諜教育、防諜法等。（待續）","臺灣警察時報","昭和17年4月20日","臺灣警察協會","1942-04-20"
"126","jpli2008-pd-sxt_0705_94_v021n005-030_no25_j","母とその子(三)","臺灣之專賣","v021","n005","1942-05-01","昭和17年5月1日","臺灣專賣協會","臺灣","0705-94","日文","書目資料","期刊-雜誌","22公分","64～68","98","佐至孝德","pdf","臺灣之專賣","昭和17年5月1日","臺灣專賣協會","1942-05-01"
"127","jpli2007-pd-sxt_0705_28_n318-027_no22_j","馬來語講座","臺灣警察時報","n318","1942-05-15","昭和17年5月15日","臺灣警察協會","臺北","0705-28","日文","書目資料","期刊-雜誌","22公分","第7-14頁","141","篠原哲次郎","pdf","本文係接續第317號之文章，本號為第三講，旨在介紹馬來語的訪問會話、日常用語、單數等表達方式，內容分成課文、單字及文法解說。例如日語的「今日」為馬來語的「ハリイニ（hari ini）」、日語的「活動寫真（電影）」為馬來語的「ガムバール　イドップ（gambar hidoep）」等。（待續）","臺灣警察時報","昭和17年5月15日","臺灣警察協會","1942-05-15"
"128","jpli2008-pd-sxt_0705_94_v021n006-028_no23_j","母とその子(四)","臺灣之專賣","v021","n006","1942-06-01","昭和17年6月1日","臺灣專賣協會","臺灣","0705-94","日文","書目資料","期刊-雜誌","22公分","76～80","102","佐至孝德","pdf","臺灣之專賣","昭和17年6月1日","臺灣專賣協會","1942-06-01"
"129","jpli2007-pd-sxt_0705-129_y1942m07-037_no33_j-i","映畵のこと","臺灣公論","v007","n007","1942-07","昭和17年7月","臺灣公論社","臺北市","0705　129","日文","書目資料","期刊","第86-87頁","96頁","田上忠之","pdf","以下為映畵のこと各章節：
1.臺灣に於ける紅白兩系實施の可否
2.映畵館と防空演習
3.映畵の普及改發に就いて
4.內地人と演劇演藝

以下為其他篇名：
1.吉本興業半島へ進出
2.文部省の映畵調查結果
3.珊瑚座の第一囘公演決る
4.大陸映畵聯盟　滿映　中華映畵　華北電影で結成
5.朝鮮映畵製作會社の製作開始","臺灣公論","昭和17年7月","臺灣公論社","1942-07"
"130","jpli2008-pd-sxt_0705_94_v021n007-030_no25_j","母とその子(五)","臺灣之專賣","v021","n007","1942-07-15","昭和17年7月15日","臺灣專賣協會","臺灣","0705-94","日文","書目資料","期刊-雜誌","22公分","77～82","124","佐至孝德","pdf","臺灣之專賣","昭和17年7月15日","臺灣專賣協會","1942-07-15"
"131","jpli2007-pd-sxt_0705_28_n325-022_no19_j","白日夢","臺灣警察時報","n325","1942-12-20","昭和17年12月20日","臺灣警察協會","臺北","0705-28","日文","書目資料","期刊-雜誌","22公分","第73-76頁","127","篠原哲次郎","pdf","本文旨在抒發對時局的感想，首先，強調前線戰場較後方更為重要，勝利的戰果並非來自後方的經濟力，亦非文化力，顯然是皇軍跨過戰友屍體在前線死闘的結果。接著，敘述觀賞電影「母子草」的感想，討論時局與精神病之關係，指出包含愛國熱情的孤高精神乃是目前最重要的問題。最後，敘述作者書寫本專欄的想法等。（待續）","臺灣警察時報","昭和17年12月20日","臺灣警察協會","1942-12-20"
"132","jpli2007-pd-sxt_0705_28_n335-012_no10_j","奴隸船マリヤ‧ルーズ號—その解放は明治日本の世界にあげたうぶこえであった","臺灣警察時報","n335","1943-10-20","昭和18年10月20日","臺灣警察協會","臺北","0705-28","日文","書目資料","期刊-雜誌","22公分","第36-42頁","126","篠原哲次郎","pdf","本文旨在藉著「奴隸船瑪麗亞路斯號」事件改編之電影，談事件的歷史意義。指出發生於明治初年的該事件，是國際地位仍相當低落的日本向世界提出正義的呼籲，並決定解放藝娼妓而引起的歷史大事件。作者希望觀眾觀賞該電影之餘，能回顧當時日本的國際地位及官僚的霸氣和良心。","臺灣警察時報","昭和18年10月20日","臺灣警察協會","1943-10-20"
